Date,Flow,Temperature,DO
10/23/2012,2725.773196,11.95578792,
10/24/2012,2754.639175,12.45578792,
10/25/2012,2595.876289,12.45578792,
10/26/2012,2494.845361,12.45578792,
10/27/2012,2480.412371,12.45578792,
10/28/2012,2350.515464,12.45578792,
10/29/2012,2177.319588,11.95578792,
10/30/2012,1989.690722,10.95578792,
10/31/2012,2076.28866,10.95578792,
11/1/2012,2509.278351,9.95578792,
11/2/2012,2797.938144,9.45578792,
11/3/2012,2942.268041,8.95578792,
11/4/2012,3057.731959,9.45578792,
11/5/2012,3158.762887,8.95578792,
11/6/2012,3101.030928,9.45578792,
11/7/2012,3101.030928,8.95578792,
11/8/2012,3158.762887,8.95578792,
11/9/2012,3230.927835,8.95578792,
11/10/2012,3519.587629,8.95578792,
11/11/2012,3967.010309,8.95578792,
11/12/2012,4125.773196,8.95578792,
11/13/2012,4111.340206,8.95578792,
11/14/2012,4068.041237,8.25578792,
11/15/2012,4068.041237,8.35578792,
11/16/2012,4010.309278,7.95578792,
11/17/2012,3909.278351,7.95578792,
11/18/2012,3822.680412,7.45578792,
11/19/2012,3764.948454,6.95578792,
11/20/2012,3649.484536,7.35578792,
11/21/2012,3490.721649,7.75578792,10.87
11/22/2012,3389.690722,7.95578792,
11/23/2012,3173.195876,7.95578792,
11/24/2012,2971.134021,8.15578792,
11/25/2012,2769.072165,7.95578792,
11/26/2012,2624.742268,8.15578792,
11/27/2012,2494.845361,8.45578792,
11/28/2012,2437.113402,8.45578792,
11/29/2012,2336.082474,8.35578792,
11/30/2012,2307.216495,8.95578792,
12/1/2012,2263.917526,7.95578792,
12/2/2012,2292.783505,7.35578792,
12/3/2012,2263.917526,7.95578792,
12/4/2012,2451.546392,6.95578792,
12/5/2012,2855.670103,7.35578792,
12/6/2012,2985.56701,6.55578792,
12/7/2012,3043.298969,5.95578792,
12/8/2012,3274.226804,4.95578792,
12/9/2012,3303.092784,4.95578792,
12/10/2012,3259.793814,3.25578792,
12/11/2012,3158.762887,3.45578792,
12/12/2012,2971.134021,2.75578792,
12/13/2012,2870.103093,1.95578792,
12/14/2012,2769.072165,1.95578792,
12/15/2012,2711.340206,1.75578792,
12/16/2012,2668.041237,1.95578792,
12/17/2012,2567.010309,1.95578792,
12/18/2012,2610.309278,1.95578792,
12/19/2012,2639.175258,1.95578792,11.96
12/20/2012,2855.670103,1.95578792,
12/21/2012,3144.329897,3.35578792,
12/22/2012,3288.659794,4.25578792,
12/23/2012,3490.721649,5.15578792,
12/24/2012,3678.350515,2.95578792,
12/25/2012,3692.783505,2.95578792,
12/26/2012,3678.350515,2.75578792,
12/27/2012,3663.917526,2.95578792,
12/28/2012,3764.948454,2.45578792,
12/29/2012,3880.412371,2.95578792,
12/30/2012,4169.072165,1.95578792,
12/31/2012,4270.103093,1.75578792,
1/1/2013,4371.134021,2.3,
1/2/2013,4414.43299,2.3,
1/3/2013,4400,2.8,
1/4/2013,4284.536082,3.3,
1/5/2013,4140.206186,3.8,
1/6/2013,3952.57732,3.5,
1/7/2013,3678.350515,3.3,
1/8/2013,3404.123711,3,
1/9/2013,3432.989691,3,
1/10/2013,3519.587629,2.8,
1/11/2013,3692.783505,3.4,
1/12/2013,3909.278351,3,
1/13/2013,4140.206186,3,
1/14/2013,4284.536082,3.6,
1/15/2013,4255.670103,3.9,
1/16/2013,4169.072165,4.3,11.3
1/17/2013,4154.639175,4.3,
1/18/2013,4197.938144,4.3,
1/19/2013,4154.639175,3.5,
1/20/2013,4241.237113,3.6,
1/21/2013,4255.670103,3.8,
1/22/2013,4140.206186,4.5,
1/23/2013,4068.041237,4,
1/24/2013,4024.742268,3.7,
1/25/2013,3938.14433,3.5,
1/26/2013,3967.010309,2.8,
1/27/2013,4197.938144,2.3,
1/28/2013,4327.835052,2,
1/29/2013,4226.804124,2.3,
1/30/2013,4140.206186,2.4,
1/31/2013,3981.443299,2.8,
2/1/2013,3822.680412,2.9,
2/2/2013,3707.216495,3.1,
2/3/2013,3750.515464,3.3,
2/4/2013,3967.010309,3,
2/5/2013,4298.969072,2.8,
2/6/2013,4674.226804,3,
2/7/2013,4919.587629,3.4,
2/8/2013,5063.917526,3.4,
2/9/2013,5208.247423,3.3,
2/10/2013,5352.57732,3.1,
2/11/2013,5468.041237,3.1,
2/12/2013,5597.938144,3.3,
2/13/2013,5670.103093,3.4,
2/14/2013,5597.938144,3.6,
2/15/2013,5540.206186,3.6,
2/16/2013,5482.474227,3.7,
2/17/2013,5323.71134,3.7,
2/18/2013,5107.216495,3.7,
2/19/2013,4832.989691,3.5,
2/20/2013,4573.195876,3.6,12.8
2/21/2013,4342.268041,3.6,
2/22/2013,4154.639175,3.3,
2/23/2013,4111.340206,3.4,
2/24/2013,4154.639175,3.7,
2/25/2013,3981.443299,4,
2/26/2013,3894.845361,4.2,
2/27/2013,4068.041237,4.4,
2/28/2013,4356.701031,4.3,
3/1/2013,4587.628866,4.3,
3/2/2013,4746.391753,4.5,
3/3/2013,4876.28866,4.6,
3/4/2013,4948.453608,4.5,
3/5/2013,5006.185567,4.4,
3/6/2013,5063.917526,4.6,
3/7/2013,5035.051546,5.2,
3/8/2013,4905.154639,5.7,
3/9/2013,4746.391753,6.2,
3/10/2013,4688.659794,6.6,
3/11/2013,4674.226804,6.7,
3/12/2013,4818.556701,7,
3/13/2013,5107.216495,7.2,
3/14/2013,5540.206186,7.5,
3/15/2013,5814.43299,6.8,
3/16/2013,6088.659794,6,
3/17/2013,6319.587629,5.3,
3/18/2013,6449.484536,6,
3/19/2013,6492.783505,6,
3/20/2013,6478.350515,6.1,10.7
3/21/2013,6507.216495,6.4,
3/22/2013,6521.649485,5.7,
3/23/2013,6536.082474,5.2,
3/24/2013,6536.082474,5.2,
3/25/2013,6579.381443,5.2,
3/26/2013,6564.948454,4.9,
3/27/2013,6478.350515,4.7,
3/28/2013,6391.752577,4.6,
3/29/2013,6348.453608,4.7,
3/30/2013,6261.85567,5.3,
3/31/2013,6175.257732,5.4,
4/1/2013,6088.659794,5.8,
4/2/2013,6088.659794,6,
4/3/2013,6146.391753,6.1,
4/4/2013,6276.28866,6.2,
4/5/2013,6478.350515,5.8,
4/6/2013,6651.546392,6,
4/7/2013,6795.876289,6,
4/8/2013,6940.206186,5.7,
4/9/2013,7084.536082,6,
4/10/2013,7214.43299,6.5,
4/11/2013,7301.030928,6.8,
4/12/2013,7358.762887,7.5,
4/13/2013,7358.762887,8.3,
4/14/2013,7329.896907,8.4,
4/15/2013,7257.731959,9,
4/16/2013,7200,9.4,
4/17/2013,7142.268041,9.7,11.4
4/18/2013,7127.835052,11,
4/19/2013,7113.402062,12,
4/20/2013,7113.402062,12.6,
4/21/2013,7113.402062,13,
4/22/2013,7127.835052,13.4,
4/23/2013,7127.835052,13.7,
4/24/2013,7127.835052,14.1,
4/25/2013,7142.268041,14.6,
4/26/2013,7156.701031,15.3,
4/27/2013,7185.56701,15.8,
4/28/2013,7185.56701,16.2,
4/29/2013,7171.134021,16.3,
4/30/2013,7127.835052,16.7,
5/1/2013,7055.670103,17,
5/2/2013,6969.072165,17.7,
5/3/2013,6868.041237,17.9,
5/4/2013,6752.57732,18.2,
5/5/2013,6651.546392,18.3,
5/6/2013,6550.515464,18.3,
5/7/2013,6449.484536,18.1,
5/8/2013,6362.886598,17.8,
5/9/2013,6305.154639,17.8,
5/10/2013,6261.85567,17.7,
5/11/2013,6218.556701,17.7,
5/12/2013,6160.824742,17.7,
5/13/2013,6103.092784,17.2,
5/14/2013,6016.494845,16.6,
5/15/2013,5886.597938,17,7.1
5/16/2013,5756.701031,16.9,
5/17/2013,5626.804124,17.2,
5/18/2013,5468.041237,17,
5/19/2013,5338.14433,17.3,
5/20/2013,5179.381443,17.5,
5/21/2013,5049.484536,17.8,
5/22/2013,4905.154639,18,
5/23/2013,4804.123711,18,
5/24/2013,4674.226804,17,
5/25/2013,4602.061856,17,
5/26/2013,4616.494845,17.2,
5/27/2013,4630.927835,16.8,
5/28/2013,4616.494845,16.8,
5/29/2013,4573.195876,17,
5/30/2013,4515.463918,17.5,
5/31/2013,4428.865979,16.8,
6/1/2013,4428.865979,16.8,
6/2/2013,4486.597938,16.8,
6/3/2013,4515.463918,16.6,
6/4/2013,4544.329897,16.4,
6/5/2013,4630.927835,15.9,
6/6/2013,4789.690722,15.5,
6/7/2013,4919.587629,15.5,
6/8/2013,5006.185567,15.2,
6/9/2013,5092.783505,15.3,
6/10/2013,5237.113402,15.5,
6/11/2013,5424.742268,15.5,
6/12/2013,5727.835052,15.7,
6/13/2013,6131.958763,15.8,
6/14/2013,6492.783505,16.4,
6/15/2013,6781.443299,17.2,
6/16/2013,6954.639175,17.6,
6/17/2013,7055.670103,18.3,
6/18/2013,7041.237113,19.2,
6/19/2013,6925.773196,19.8,6.4
6/20/2013,6752.57732,20.8,
6/21/2013,6564.948454,21.6,
6/22/2013,6348.453608,22,
6/23/2013,6146.391753,22.4,
6/24/2013,5915.463918,23,
6/25/2013,5641.237113,22.6,
6/26/2013,5410.309278,22,
6/27/2013,5193.814433,21.5,
6/28/2013,4977.319588,21.3,
6/29/2013,4731.958763,21.3,
6/30/2013,4573.195876,21.1,
7/1/2013,4544.329897,20.6,
7/2/2013,4558.762887,20,
7/3/2013,4544.329897,20,
7/4/2013,4486.597938,20,
7/5/2013,4400,20.4,
7/6/2013,4313.402062,20.5,
7/7/2013,4197.938144,20.8,
7/8/2013,3995.876289,21.3,
7/9/2013,3779.381443,21.5,
7/10/2013,3606.185567,22.2,
7/11/2013,3476.28866,22.5,
7/12/2013,3389.690722,22.5,
7/13/2013,3317.525773,22.5,
7/14/2013,3202.061856,22.8,
7/15/2013,3086.597938,22.8,
7/16/2013,2884.536082,22.7,
7/17/2013,2783.505155,22.5,7.8
7/18/2013,2754.639175,22.6,
7/19/2013,2653.608247,23,
7/20/2013,2509.278351,23.2,
7/21/2013,2408.247423,23.4,
7/22/2013,2364.948454,23.4,
7/23/2013,2263.917526,23.7,
7/24/2013,2206.185567,24.2,
7/25/2013,2119.587629,24.5,
7/26/2013,2032.989691,25,
7/27/2013,1975.257732,25,
7/28/2013,1917.525773,25.7,
7/29/2013,1859.793814,26.3,
7/30/2013,1802.061856,26.2,
7/31/2013,1830.927835,25.3,
8/1/2013,1859.793814,25.5,
8/2/2013,1859.793814,26.1,
8/3/2013,1859.793814,26.4,
8/4/2013,1830.927835,26.7,
8/5/2013,1787.628866,26.6,
8/6/2013,1744.329897,26.8,
8/7/2013,1715.463918,27,
8/8/2013,1628.865979,27.2,
8/9/2013,1600,27.5,
8/10/2013,1556.701031,27.5,
8/11/2013,1498.969072,26.8,
8/12/2013,1498.969072,26.6,
8/13/2013,1484.536082,26.8,
8/14/2013,1470.103093,26.3,
8/15/2013,1498.969072,25.6,
8/16/2013,1614.43299,25.2,
8/17/2013,1628.865979,25.2,
8/18/2013,1614.43299,25.3,
8/19/2013,1571.134021,25.3,
8/20/2013,1498.969072,25.4,
8/21/2013,1354.639175,24.6,6.5
8/22/2013,1383.505155,24.1,
8/23/2013,1383.505155,23.9,
8/24/2013,1412.371134,24,
8/25/2013,1412.371134,24,
8/26/2013,1484.536082,24,
8/27/2013,1484.536082,23.6,
8/28/2013,1527.835052,23.2,
8/29/2013,1513.402062,22.4,
8/30/2013,1614.43299,21.8,
8/31/2013,1758.762887,21.4,
9/1/2013,1888.659794,21.7,
9/2/2013,2018.556701,21.8,
9/3/2013,2134.020619,21.5,
9/4/2013,2177.319588,20.8,
9/5/2013,2148.453608,20.5,
9/6/2013,2032.989691,20.3,
9/7/2013,1903.092784,20.3,
9/8/2013,1845.360825,20.2,
9/9/2013,1816.494845,20.2,
9/10/2013,1672.164948,20,
9/11/2013,1585.56701,20.2,
9/12/2013,1527.835052,20.2,
9/13/2013,1484.536082,19.6,
9/14/2013,1455.670103,19,
9/15/2013,1455.670103,18.8,
9/16/2013,1527.835052,18.7,
9/17/2013,1657.731959,19,
9/18/2013,1773.195876,18.4,7.7
9/19/2013,1917.525773,18.4,
9/20/2013,1989.690722,17.5,
9/21/2013,2105.154639,17.3,
9/22/2013,2321.649485,17,
9/23/2013,2610.309278,16.7,
9/24/2013,2783.505155,16.7,
9/25/2013,3028.865979,16.6,
9/26/2013,3101.030928,16.6,
9/27/2013,3028.865979,16.7,
9/28/2013,2971.134021,16,
9/29/2013,2812.371134,15.6,
9/30/2013,2783.505155,15.3,
10/1/2013,2581.443299,15,
10/2/2013,2523.71134,14.5,
10/3/2013,2364.948454,13.6,
10/4/2013,2278.350515,12.8,
10/5/2013,2307.216495,12.8,
10/6/2013,2393.814433,12.6,
10/7/2013,2364.948454,13.4,
10/8/2013,2307.216495,13.4,
10/9/2013,2235.051546,13.4,
10/10/2013,2105.154639,13.7,
10/11/2013,2047.42268,13.8,
10/12/2013,2004.123711,14,
10/13/2013,1960.824742,14.4,
10/14/2013,1874.226804,14.2,
10/15/2013,1874.226804,14.6,
10/16/2013,1931.958763,14.7,8.5
10/17/2013,2090.721649,14,
10/18/2013,2292.783505,13.4,
10/19/2013,2494.845361,13.4,
10/20/2013,2682.474227,13.6,
10/21/2013,2769.072165,13.6,
10/22/2013,2682.474227,13.7,
10/23/2013,2581.443299,13.7,
10/24/2013,2581.443299,13.8,
10/25/2013,2451.546392,13.9,
10/26/2013,2364.948454,13.8,
10/27/2013,2278.350515,13.7,
10/28/2013,2249.484536,14,
10/29/2013,2105.154639,14.2,
10/30/2013,2018.556701,14.2,
10/31/2013,1989.690722,14.2,
11/1/2013,2090.721649,14.2,
11/2/2013,2018.556701,13.8,
11/3/2013,1975.257732,14,
11/4/2013,1975.257732,13.8,
11/5/2013,1989.690722,13.7,
11/6/2013,1960.824742,13.3,
11/7/2013,2018.556701,12.8,
11/8/2013,2105.154639,12.4,
11/9/2013,2350.515464,12.4,
11/10/2013,2653.608247,12.4,
11/11/2013,3000,12.2,
11/12/2013,3187.628866,12,
11/13/2013,3447.42268,11.5,
11/14/2013,3591.752577,11.2,
11/15/2013,3764.948454,10.7,
11/16/2013,3865.979381,9.8,
11/17/2013,4024.742268,9.5,
11/18/2013,4096.907216,9.5,
11/19/2013,4183.505155,9.3,
11/20/2013,4169.072165,9.2,9.5
11/21/2013,4010.309278,9.2,
11/22/2013,3894.845361,8.8,
11/23/2013,3880.412371,8.7,
11/24/2013,3808.247423,8.5,
11/25/2013,3750.515464,8.4,
11/26/2013,3692.783505,7.8,
11/27/2013,3736.082474,6.8,
11/28/2013,3764.948454,6.5,
11/29/2013,3865.979381,6.2,
11/30/2013,4024.742268,5.9,
12/1/2013,4024.742268,5.5,
12/2/2013,3952.57732,5.3,
12/3/2013,3822.680412,4.8,
12/4/2013,3721.649485,4.5,
12/5/2013,3577.319588,4.3,
12/6/2013,3447.42268,4,
12/7/2013,3259.793814,3.8,
12/8/2013,3101.030928,3.7,
12/9/2013,2942.268041,3.6,
12/10/2013,2769.072165,3.6,
12/11/2013,2711.340206,3.4,
12/12/2013,2595.876289,3,
12/13/2013,2509.278351,2.9,
12/14/2013,2538.14433,2.7,
12/15/2013,2523.71134,2.7,
12/16/2013,2509.278351,3,
12/17/2013,2523.71134,3,
12/18/2013,2552.57732,3,11.7
12/19/2013,2437.113402,3,
12/20/2013,2393.814433,2.9,
12/21/2013,2278.350515,2.8,
12/22/2013,2191.752577,2.9,
12/23/2013,2148.453608,3,
12/24/2013,2076.28866,3,
12/25/2013,2076.28866,3,
12/26/2013,2105.154639,3.4,
12/27/2013,1989.690722,3.8,
12/28/2013,1903.092784,4.4,
12/29/2013,1989.690722,4.7,
12/30/2013,1917.525773,4.5,
12/31/2013,2061.85567,4.4,
1/1/2014,2235.051546,4.3,
1/2/2014,2393.814433,4.3,
1/3/2014,2379.381443,4.6,
1/4/2014,2379.381443,4.9,
1/5/2014,2379.381443,5.5,
1/6/2014,2235.051546,5.5,
1/7/2014,2177.319588,6,
1/8/2014,2220.618557,6,
1/9/2014,2177.319588,6.1,
1/10/2014,2292.783505,5.7,
1/11/2014,2364.948454,5.7,
1/12/2014,2480.412371,5.8,
1/13/2014,2538.14433,5.5,
1/14/2014,2552.57732,5.2,
1/15/2014,2523.71134,5.5,
1/16/2014,2379.381443,5.2,
1/17/2014,2393.814433,5.3,
1/18/2014,2278.350515,5.7,
1/19/2014,2220.618557,6,
1/20/2014,2235.051546,6.2,
1/21/2014,2249.484536,6.3,
1/22/2014,2263.917526,6.3,
1/23/2014,2437.113402,6,
1/24/2014,2754.639175,5.8,
1/25/2014,2985.56701,5.2,
1/26/2014,3158.762887,4.5,
1/27/2014,3288.659794,4,
1/28/2014,3360.824742,3.5,
1/29/2014,3447.42268,3,
1/30/2014,3447.42268,2,11.9
1/31/2014,3505.154639,1.8,
2/1/2014,3375.257732,1,
2/2/2014,3158.762887,1,
2/3/2014,2898.969072,1.2,
2/4/2014,2797.938144,1.3,
2/5/2014,2740.206186,1.4,
2/6/2014,2783.505155,1.6,
2/7/2014,2797.938144,1.9,
2/8/2014,2855.670103,2.7,
2/9/2014,2870.103093,3.4,
2/10/2014,2898.969072,3.6,
2/11/2014,2927.835052,4.2,
2/12/2014,3000,4.3,
2/13/2014,3014.43299,4.7,
2/14/2014,3259.793814,4.7,
2/15/2014,3447.42268,4.6,
2/16/2014,3707.216495,4.7,
2/17/2014,3981.443299,5.3,
2/18/2014,4096.907216,5.8,
2/19/2014,4125.773196,5.8,10.73
2/20/2014,4068.041237,6.2,
2/21/2014,4039.175258,6.1,
2/22/2014,4111.340206,6.4,
2/23/2014,4154.639175,6.5,
2/24/2014,4226.804124,6.5,
2/25/2014,4342.268041,6.4,
2/26/2014,4385.56701,6.2,
2/27/2014,4385.56701,6.3,
2/28/2014,4400,6.7,
3/1/2014,4428.865979,6.8,
3/2/2014,4400,6.9,
3/3/2014,4270.103093,7,
3/4/2014,4169.072165,7.1,
3/5/2014,4096.907216,7.3,
3/6/2014,4053.608247,7.5,
3/7/2014,4111.340206,7.5,
3/8/2014,4140.206186,7.5,
3/9/2014,4140.206186,7.7,
3/10/2014,4241.237113,7.8,
3/11/2014,4169.072165,7.6,
3/12/2014,4053.608247,7.7,
3/13/2014,3981.443299,8,
3/14/2014,3837.113402,8.3,
3/15/2014,3692.783505,9,
3/16/2014,3591.752577,8.4,
3/17/2014,3534.020619,9.5,
3/18/2014,3346.391753,9.8,
3/19/2014,3028.865979,10.4,9.47
3/20/2014,2898.969072,10,
3/21/2014,2942.268041,10.4,
3/22/2014,2985.56701,11.1,
3/23/2014,3072.164948,11.4,
3/24/2014,3086.597938,11.6,
3/25/2014,3072.164948,11.2,
3/26/2014,3101.030928,11.1,
3/27/2014,3144.329897,11.4,
3/28/2014,3230.927835,11.7,
3/29/2014,3230.927835,11.9,
3/30/2014,3274.226804,11.8,
3/31/2014,3317.525773,11.9,
4/1/2014,3230.927835,12,
4/2/2014,3158.762887,12.2,
4/3/2014,3086.597938,12.3,
4/4/2014,2942.268041,12.4,
4/5/2014,2870.103093,13.2,
4/6/2014,2826.804124,12.8,
4/7/2014,2668.041237,12.5,
4/8/2014,2581.443299,13.1,
4/9/2014,2581.443299,14,
4/10/2014,2509.278351,12.8,
4/11/2014,2494.845361,12.5,
4/12/2014,2451.546392,13,
4/13/2014,2523.71134,13,
4/14/2014,2581.443299,13.2,
4/15/2014,2639.175258,13.8,
4/16/2014,2653.608247,13,8.96
4/17/2014,2668.041237,12.6,
4/18/2014,2812.371134,12.6,
4/19/2014,3072.164948,12.6,
4/20/2014,3432.989691,13,
4/21/2014,3736.082474,13.3,
4/22/2014,3909.278351,13.6,
4/23/2014,3837.113402,14.3,
4/24/2014,3736.082474,14.4,
4/25/2014,3750.515464,14.5,
4/26/2014,3995.876289,14.3,
4/27/2014,4169.072165,14.3,
4/28/2014,4255.670103,14.5,
4/29/2014,4255.670103,15.4,
4/30/2014,4226.804124,15.6,
5/1/2014,4241.237113,15.7,
5/2/2014,4327.835052,16.2,
5/3/2014,4428.865979,16.7,
5/4/2014,4558.762887,16.6,
5/5/2014,4746.391753,15.8,
5/6/2014,5020.618557,15.6,
5/7/2014,5193.814433,16,
5/8/2014,5237.113402,16.5,
5/9/2014,5251.546392,16,
5/10/2014,5208.247423,16.5,
5/11/2014,5078.350515,17.2,
5/12/2014,4948.453608,17.4,
5/13/2014,4789.690722,17.2,
5/14/2014,4731.958763,16.8,8.12
5/15/2014,5063.917526,15.8,
5/16/2014,5641.237113,15.1,
5/17/2014,6189.690722,15,
5/18/2014,6738.14433,14.6,
5/19/2014,7070.103093,14.8,
5/20/2014,7301.030928,15.5,
5/21/2014,7503.092784,16,
5/22/2014,7618.556701,16.2,
5/23/2014,7647.42268,17,
5/24/2014,7618.556701,17.2,
5/25/2014,7560.824742,17,
5/26/2014,7445.360825,17,
5/27/2014,7272.164948,17.4,
5/28/2014,7041.237113,17.8,
5/29/2014,6795.876289,18.5,
5/30/2014,6550.515464,19,
5/31/2014,6276.28866,18.8,
6/1/2014,6030.927835,18.3,
6/2/2014,5814.43299,18,
6/3/2014,5641.237113,18.3,
6/4/2014,5496.907216,18.4,
6/5/2014,5395.876289,18.4,
6/6/2014,5222.680412,18.4,
6/7/2014,5020.618557,18.4,
6/8/2014,4717.525773,19,
6/9/2014,4371.134021,19.8,
6/10/2014,3995.876289,20.5,
6/11/2014,3678.350515,21.3,
6/12/2014,3447.42268,21.7,
6/13/2014,3202.061856,22.3,
6/14/2014,3101.030928,22.6,
6/15/2014,3014.43299,22.2,
6/16/2014,2927.835052,22.6,
6/17/2014,2884.536082,22.3,
6/18/2014,2927.835052,21.6,
6/19/2014,3014.43299,21.3,
6/20/2014,3043.298969,21,
6/21/2014,2913.402062,20.8,
6/22/2014,2754.639175,21,
6/23/2014,2682.474227,22,
6/24/2014,2581.443299,22.7,
6/25/2014,2480.412371,22.7,7.12
6/26/2014,2379.381443,22.4,
6/27/2014,2336.082474,22.2,
6/28/2014,2364.948454,22.3,
6/29/2014,2480.412371,22.6,
6/30/2014,2552.57732,22.6,
7/1/2014,2451.546392,22,
7/2/2014,2538.14433,22.1,
7/3/2014,2538.14433,22.4,
7/4/2014,2523.71134,22.4,
7/5/2014,2610.309278,22.5,
7/6/2014,2668.041237,22.6,
7/7/2014,2696.907216,23.3,
7/8/2014,2740.206186,24,
7/9/2014,2624.742268,23.8,
7/10/2014,2552.57732,23.6,
7/11/2014,2451.546392,23.3,
7/12/2014,2364.948454,22.6,
7/13/2014,2422.680412,22.8,
7/14/2014,2581.443299,22.8,
7/15/2014,2769.072165,23,
7/16/2014,2942.268041,23.2,7.1
7/17/2014,3086.597938,23.2,
7/18/2014,3158.762887,23.6,
7/19/2014,3144.329897,23.8,
7/20/2014,3043.298969,24,
7/21/2014,2927.835052,24.7,
7/22/2014,2783.505155,24.5,
7/23/2014,2668.041237,24.4,
7/24/2014,2538.14433,24.3,
7/25/2014,2465.979381,24.6,
7/26/2014,2494.845361,24.4,
7/27/2014,2639.175258,24,
7/28/2014,2826.804124,24.3,
7/29/2014,2971.134021,24,
7/30/2014,2927.835052,24.4,
7/31/2014,2942.268041,24.2,
8/1/2014,3028.865979,23.8,
8/2/2014,3043.298969,24.1,
8/3/2014,3043.298969,24.5,
8/4/2014,3303.092784,24.4,
8/5/2014,3663.917526,24.4,
8/6/2014,3909.278351,24.4,
8/7/2014,4241.237113,24,
8/8/2014,4645.360825,23.3,
8/9/2014,4934.020619,23,
8/10/2014,5092.783505,23.1,
8/11/2014,5121.649485,23.1,
8/12/2014,4977.319588,23.2,
8/13/2014,4688.659794,23.5,
8/14/2014,4371.134021,23.8,
8/15/2014,3981.443299,23.5,
8/16/2014,3649.484536,23.4,
8/17/2014,3375.257732,22.7,
8/18/2014,3389.690722,22.4,
8/19/2014,3476.28866,22.6,
8/20/2014,3635.051546,22.3,6.46
8/21/2014,3736.082474,22,
8/22/2014,3721.649485,21,
8/23/2014,3635.051546,20.8,
8/24/2014,3562.886598,20.4,
8/25/2014,3519.587629,20.6,
8/26/2014,3447.42268,20.5,
8/27/2014,3418.556701,20.6,
8/28/2014,3360.824742,19.1,
8/29/2014,3331.958763,19.7,
8/30/2014,3288.659794,19.8,
8/31/2014,3230.927835,20,
9/1/2014,3187.628866,19.9,
9/2/2014,3101.030928,20,
9/3/2014,3101.030928,19.8,
9/4/2014,3303.092784,19.8,
9/5/2014,3678.350515,20.4,
9/6/2014,4212.371134,19.2,
9/7/2014,4674.226804,18.7,
9/8/2014,5006.185567,18.4,
9/9/2014,5237.113402,18.3,
9/10/2014,5381.443299,18.3,
9/11/2014,5410.309278,18.5,
9/12/2014,5381.443299,18.5,
9/13/2014,5280.412371,18.6,
9/14/2014,5150.515464,17.9,
9/15/2014,5092.783505,17.7,
9/16/2014,5208.247423,18,
9/17/2014,5280.412371,17.8,7.93
9/18/2014,5323.71134,17.4,
9/19/2014,5424.742268,17.3,
9/20/2014,5511.340206,17.8,
9/21/2014,5597.938144,17.7,
9/22/2014,5655.670103,17.7,
9/23/2014,5713.402062,17.2,
9/24/2014,5800,16.4,
9/25/2014,5901.030928,16,
9/26/2014,5973.195876,15.7,
9/27/2014,5987.628866,16.2,
9/28/2014,5958.762887,16.2,
9/29/2014,5901.030928,16.2,
9/30/2014,5785.56701,16.3,
10/1/2014,5612.371134,16.5,
10/2/2014,5410.309278,16.5,
10/3/2014,5222.680412,16.4,
10/4/2014,4962.886598,15.8,
10/5/2014,4717.525773,15.6,
10/6/2014,4472.164948,15.5,
10/7/2014,4313.402062,15.5,
10/8/2014,4212.371134,15.6,
10/9/2014,4140.206186,15.6,
10/10/2014,3923.71134,15.7,
10/11/2014,3606.185567,15.9,
10/12/2014,3317.525773,16.2,
10/13/2014,3129.896907,16.5,
10/14/2014,2971.134021,16.5,
10/15/2014,2870.103093,16.7,7.92
10/16/2014,2855.670103,16.7,
10/17/2014,2797.938144,17.2,
10/18/2014,2754.639175,16.6,
10/19/2014,2783.505155,16.3,
10/20/2014,2797.938144,16.3,
10/21/2014,2884.536082,16.2,
10/22/2014,2913.402062,16.4,
10/23/2014,2971.134021,15.8,
10/24/2014,3202.061856,14.8,
10/25/2014,3562.886598,14.2,
10/26/2014,3967.010309,13.6,
10/27/2014,4428.865979,12.8,
10/28/2014,4818.556701,11.6,
10/29/2014,5164.948454,11.6,
10/30/2014,5381.443299,11,
10/31/2014,5468.041237,11.2,
11/1/2014,5525.773196,11,
11/2/2014,5540.206186,10.8,
11/3/2014,5511.340206,10.4,
11/4/2014,5367.010309,10,
11/5/2014,5150.515464,10,
11/6/2014,4890.721649,10.2,
11/7/2014,4616.494845,10.5,
11/8/2014,4313.402062,10.8,
11/9/2014,4068.041237,11.2,
11/10/2014,4010.309278,11.2,
11/11/2014,4039.175258,11,
11/12/2014,4212.371134,11,
11/13/2014,4327.835052,11,
11/14/2014,4327.835052,11.2,
11/15/2014,4356.701031,11.2,
11/16/2014,4443.298969,10.8,
11/17/2014,4385.56701,10.5,
11/18/2014,4255.670103,10.5,
11/19/2014,4125.773196,10.3,10.09
11/20/2014,3952.57732,10.3,
11/21/2014,3923.71134,10.2,
11/22/2014,3981.443299,9.8,
11/23/2014,4024.742268,9.4,
11/24/2014,4096.907216,9,
11/25/2014,4140.206186,8.8,
11/26/2014,4125.773196,8.3,
11/27/2014,4140.206186,7.8,
11/28/2014,4125.773196,7.4,
11/29/2014,3995.876289,7.4,
11/30/2014,3865.979381,7.2,
12/1/2014,3880.412371,7.2,
12/2/2014,3894.845361,6.5,
12/3/2014,3865.979381,6.4,
12/4/2014,3967.010309,6.3,
12/5/2014,4241.237113,6.2,
12/6/2014,4428.865979,6.1,
12/7/2014,4472.164948,6.1,
12/8/2014,4501.030928,6.1,
12/9/2014,4472.164948,6,
12/10/2014,4457.731959,6,
12/11/2014,4544.329897,5.8,
12/12/2014,4587.628866,5.7,
12/13/2014,4573.195876,5.5,
12/14/2014,4443.298969,5.6,
12/15/2014,4270.103093,5.6,
12/16/2014,4140.206186,5.7,
12/17/2014,4096.907216,6,
12/18/2014,3995.876289,6,
12/19/2014,3880.412371,5.8,
12/20/2014,3793.814433,5.8,
12/21/2014,3707.216495,5.6,
12/22/2014,3692.783505,5.3,
12/23/2014,3663.917526,5.5,
12/24/2014,3678.350515,5.5,11.73
12/25/2014,3736.082474,5.7,
12/26/2014,3808.247423,5.5,
12/27/2014,3779.381443,5,
12/28/2014,3793.814433,4.8,
12/29/2014,3577.319588,4,
12/30/2014,3404.123711,3.3,
12/31/2014,3331.958763,2.6,
1/1/2015,3129.896907,1.8,
1/2/2015,2971.134021,1.4,
1/3/2015,2942.268041,1.3,
1/4/2015,2826.804124,1.6,
1/5/2015,2725.773196,1.7,
1/6/2015,2711.340206,1.7,
1/7/2015,2711.340206,1.1,
1/8/2015,2769.072165,0.8,
1/9/2015,2841.237113,0.8,
1/10/2015,3043.298969,2.2,
1/11/2015,3288.659794,2.3,
1/12/2015,3519.587629,2.3,
1/13/2015,3663.917526,2.3,
1/14/2015,3851.546392,2.2,
1/15/2015,4068.041237,2.7,
1/16/2015,4241.237113,2.8,
1/17/2015,4428.865979,3.3,
1/18/2015,4544.329897,4,
1/19/2015,4659.793814,4.6,
1/20/2015,4775.257732,4.7,
1/21/2015,5049.484536,4.8,10.45
1/22/2015,5294.845361,5.1,
1/23/2015,5453.608247,5,
1/24/2015,5482.474227,5.2,
1/25/2015,5554.639175,5,
1/26/2015,5569.072165,4.8,
1/27/2015,5569.072165,4.7,
1/28/2015,5525.773196,4.5,
1/29/2015,5482.474227,4.3,
1/30/2015,5468.041237,4.3,
1/31/2015,5381.443299,4.3,
2/1/2015,5280.412371,4.2,
2/2/2015,5222.680412,4.2,
2/3/2015,5179.381443,3.5,
2/4/2015,5193.814433,3.6,
2/5/2015,5164.948454,3.5,
2/6/2015,5193.814433,3.5,
2/7/2015,5035.051546,3.2,
2/8/2015,4919.587629,3,
2/9/2015,4832.989691,2.7,
2/10/2015,4746.391753,2.5,
2/11/2015,4659.793814,2.6,
2/12/2015,4544.329897,2.3,
2/13/2015,4414.43299,2.3,
2/14/2015,4270.103093,2.6,
2/15/2015,4197.938144,2.8,
2/16/2015,4169.072165,3,
2/17/2015,4125.773196,3.1,
2/18/2015,3981.443299,2.8,11.56
2/19/2015,3865.979381,2.7,
2/20/2015,3764.948454,3,
2/21/2015,3750.515464,3.4,
2/22/2015,3764.948454,4,
2/23/2015,3736.082474,4.6,
2/24/2015,3692.783505,5,
2/25/2015,3678.350515,5.4,
2/26/2015,3707.216495,5.2,
2/27/2015,3938.14433,5.2,
2/28/2015,4169.072165,5.5,
3/1/2015,4385.56701,5.6,
3/2/2015,4587.628866,5.8,
3/3/2015,4731.958763,6.2,
3/4/2015,4890.721649,6,
3/5/2015,5035.051546,6,
3/6/2015,5222.680412,5.7,
3/7/2015,5525.773196,5.3,
3/8/2015,5713.402062,5.4,
3/9/2015,5727.835052,5.6,
3/10/2015,5641.237113,5.9,
3/11/2015,5496.907216,6.2,
3/12/2015,5338.14433,6.5,
3/13/2015,5179.381443,6.3,
3/14/2015,5049.484536,6.3,
3/15/2015,4991.752577,6.5,
3/16/2015,4991.752577,6.7,
3/17/2015,4876.28866,7,
3/18/2015,4703.092784,7.2,10.68
3/19/2015,4501.030928,7.2,
3/20/2015,4327.835052,7.1,
3/21/2015,4169.072165,7.3,
3/22/2015,4024.742268,8,
3/23/2015,3909.278351,8,
3/24/2015,3822.680412,8,
3/25/2015,3663.917526,8.8,
3/26/2015,3606.185567,9.3,
3/27/2015,3562.886598,10.2,
3/28/2015,3591.752577,9.8,
3/29/2015,3649.484536,9.6,
3/30/2015,3865.979381,9.5,
3/31/2015,3981.443299,9.8,
4/1/2015,4169.072165,10.3,
4/2/2015,4443.298969,9.7,
4/3/2015,4602.061856,9.8,
4/4/2015,4775.257732,9.5,
4/5/2015,4890.721649,9.8,
4/6/2015,4934.020619,9.6,
4/7/2015,4948.453608,8.8,
4/8/2015,4962.886598,8.2,
4/9/2015,4991.752577,8.3,
4/10/2015,4977.319588,8.6,
4/11/2015,4847.42268,9.2,
4/12/2015,4616.494845,9.7,
4/13/2015,4443.298969,10.3,
4/14/2015,4313.402062,10.8,
4/15/2015,4241.237113,11.1,11.23
4/16/2015,4197.938144,11.8,
4/17/2015,4125.773196,12.8,
4/18/2015,4111.340206,13.1,
4/19/2015,4096.907216,12.2,
4/20/2015,4082.474227,12.2,
4/21/2015,4010.309278,12.6,
4/22/2015,3952.57732,12.8,
4/23/2015,3923.71134,13,
4/24/2015,3894.845361,13.5,
4/25/2015,3736.082474,14,
4/26/2015,3432.989691,14.5,
4/27/2015,3129.896907,14.8,
4/28/2015,2855.670103,15.2,
4/29/2015,2639.175258,14.5,
4/30/2015,2538.14433,14.4,
5/1/2015,2538.14433,15,
5/2/2015,2581.443299,15.6,
5/3/2015,2740.206186,16,
5/4/2015,2942.268041,16.5,
5/5/2015,3000,17,
5/6/2015,2956.701031,17.3,
5/7/2015,2913.402062,17.6,
5/8/2015,2927.835052,17.5,
5/9/2015,3057.731959,17.6,
5/10/2015,3259.793814,17.8,
5/11/2015,3375.257732,17.4,
5/12/2015,3418.556701,17.3,
5/13/2015,3375.257732,17.7,
5/14/2015,3245.360825,18,
5/15/2015,3072.164948,18,
5/16/2015,2884.536082,17.7,
5/17/2015,2740.206186,18.2,
5/18/2015,2682.474227,18.2,
5/19/2015,2653.608247,18.5,
5/20/2015,2696.907216,18.6,
5/21/2015,2696.907216,19.2,
5/22/2015,2639.175258,19,
5/23/2015,2653.608247,18.7,
5/24/2015,2668.041237,18.7,
5/25/2015,2913.402062,18.4,
5/26/2015,3331.958763,17.8,
5/27/2015,3851.546392,17.4,7.85
5/28/2015,4313.402062,16.4,
5/29/2015,4688.659794,15.8,
5/30/2015,4977.319588,16,
5/31/2015,5179.381443,16.2,
6/1/2015,5294.845361,15.95578792,
6/2/2015,5309.278351,16.25578792,
6/3/2015,5265.979381,18.2,
6/4/2015,5049.484536,16.75578792,
6/5/2015,4688.659794,17.25578792,
6/6/2015,4270.103093,19.25578792,
6/7/2015,3750.515464,20.15578792,
6/8/2015,3173.195876,20.85578792,
6/9/2015,2696.907216,21.35578792,
6/10/2015,2480.412371,22,
6/11/2015,2364.948454,22.05578792,
6/12/2015,2321.649485,22.15578792,
6/13/2015,2379.381443,22.95578792,
6/14/2015,2538.14433,22.95578792,
6/15/2015,2725.773196,23.55578792,
6/16/2015,2783.505155,23.55578792,
6/17/2015,2927.835052,23.8,6.81
6/18/2015,2956.701031,22.95578792,
6/19/2015,2913.402062,23.65578792,
6/20/2015,2870.103093,24.35578792,
6/21/2015,2855.670103,23.75578792,
6/22/2015,2927.835052,22.05578792,
6/23/2015,2927.835052,21.75578792,
6/24/2015,2841.237113,20.2,
6/25/2015,2754.639175,19.75578792,
6/26/2015,2754.639175,19.75578792,
6/27/2015,2812.371134,18.95578792,
6/28/2015,2956.701031,19.25578792,
6/29/2015,3101.030928,19.25578792,
6/30/2015,3144.329897,19.65578792,
7/1/2015,3158.762887,18.95578792,
7/2/2015,3101.030928,21.5,
7/3/2015,2985.56701,19.95578792,
7/4/2015,2826.804124,21.15578792,
7/5/2015,2711.340206,21.15578792,
7/6/2015,2595.876289,22.65578792,
7/7/2015,2422.680412,22.95578792,
7/8/2015,2292.783505,24.7,
7/9/2015,2162.886598,24.45578792,
7/10/2015,2148.453608,24.15578792,
7/11/2015,2177.319588,24.15578792,
7/12/2015,2119.587629,24.25578792,
7/13/2015,2090.721649,24.25578792,
7/14/2015,2047.42268,24.35578792,
7/15/2015,1975.257732,25.2,6.29
7/16/2015,1917.525773,24.25578792,
7/17/2015,1874.226804,24.35578792,
7/18/2015,1830.927835,24.95578792,
7/19/2015,1787.628866,24.95578792,
7/20/2015,1744.329897,24.95578792,
7/21/2015,1686.597938,27.05578792,
7/22/2015,1701.030928,27.8,
7/23/2015,1701.030928,27.35578792,
7/24/2015,1614.43299,27.95578792,
7/25/2015,1643.298969,27.95578792,
7/26/2015,1614.43299,28.15578792,
7/27/2015,1657.731959,27.55578792,
7/28/2015,1628.865979,26.95578792,
7/29/2015,1643.298969,27,
7/30/2015,1614.43299,25.95578792,
7/31/2015,1571.134021,25.95578792,
8/1/2015,1614.43299,24.15578792,
8/2/2015,1758.762887,23.95578792,
8/3/2015,1701.030928,24.75578792,
8/4/2015,1672.164948,24.45578792,
8/5/2015,1744.329897,26.3,
8/6/2015,1816.494845,24.65578792,
8/7/2015,1816.494845,24.65578792,
8/8/2015,1802.061856,24.95578792,
8/9/2015,1758.762887,25.45578792,
8/10/2015,1715.463918,25.65578792,
8/11/2015,1672.164948,26.15578792,
8/12/2015,1643.298969,28,
8/13/2015,1556.701031,26.15578792,
8/14/2015,1498.969072,26.15578792,
8/15/2015,1513.402062,26.15578792,
8/16/2015,1470.103093,26.25578792,
8/17/2015,1484.536082,26.35578792,
8/18/2015,1484.536082,25.95578792,
8/19/2015,1397.938144,25.95578792,
8/20/2015,1542.268041,25.95578792,
8/21/2015,1556.701031,25,5.87
8/22/2015,1628.865979,24.55578792,
8/23/2015,1701.030928,23.25578792,
8/24/2015,1802.061856,22.95578792,
8/25/2015,1845.360825,22.45578792,
8/26/2015,1802.061856,22.4,
8/27/2015,1859.793814,22.95578792,
8/28/2015,1802.061856,22.95578792,
8/29/2015,1729.896907,22.95578792,
8/30/2015,1643.298969,22.95578792,
8/31/2015,1556.701031,22.95578792,
9/1/2015,1426.804124,24.95578792,
9/2/2015,1426.804124,24.95578792,
9/3/2015,1354.639175,25,
9/4/2015,1397.938144,24.95578792,
9/5/2015,1412.371134,24.95578792,
9/6/2015,1426.804124,24.65578792,
9/7/2015,1426.804124,24.25578792,
9/8/2015,1412.371134,22.95578792,
9/9/2015,1455.670103,22.35578792,
9/10/2015,1585.56701,21.2,
9/11/2015,1715.463918,20.95578792,
9/12/2015,1744.329897,19.45578792,
9/13/2015,1773.195876,19.45578792,
9/14/2015,1787.628866,18.95578792,
9/15/2015,1729.896907,19.45578792,
9/16/2015,1672.164948,21.2,7.25
9/17/2015,1571.134021,19.95578792,
9/18/2015,1498.969072,20.95578792,
9/19/2015,1441.237113,20.95578792,
9/20/2015,1412.371134,19.95578792,
9/21/2015,1426.804124,19.95578792,
9/22/2015,1484.536082,19.95578792,
9/23/2015,1513.402062,21.6,
9/24/2015,1455.670103,20.45578792,
9/25/2015,1383.505155,19.95578792,
9/26/2015,1383.505155,19.95578792,
9/27/2015,1383.505155,20.45578792,
9/28/2015,1455.670103,17.95578792,
9/29/2015,1600,17.95578792,
9/30/2015,1701.030928,16.8,
10/1/2015,1787.628866,16.25578792,
10/2/2015,1845.360825,15.95578792,
10/3/2015,1816.494845,15.95578792,
10/4/2015,1773.195876,15.95578792,
10/5/2015,1701.030928,16.15578792,
10/6/2015,1628.865979,16.15578792,
10/7/2015,1542.268041,17.5,
10/8/2015,1470.103093,15.95578792,
10/9/2015,1268.041237,15.95578792,
10/10/2015,1282.474227,15.95578792,
10/11/2015,1412.371134,15.95578792,
10/12/2015,1383.505155,15.95578792,
10/13/2015,1686.597938,13.95578792,
10/14/2015,2148.453608,13.8,
10/15/2015,2465.979381,13.75578792,
10/16/2015,2682.474227,13.75578792,
10/17/2015,2754.639175,13.15578792,
10/18/2015,2884.536082,12.95578792,
10/19/2015,3115.463918,12.95578792,
10/20/2015,3245.360825,12.45578792,
10/21/2015,3375.257732,12.3,8.23
10/22/2015,3505.154639,11.95578792,
10/23/2015,3577.319588,11.45578792,
10/24/2015,3606.185567,11.45578792,
10/25/2015,3649.484536,10.95578792,
10/26/2015,3663.917526,10.95578792,
10/27/2015,3591.752577,10.95578792,
10/28/2015,3476.28866,11.3,
10/29/2015,3389.690722,10.95578792,
10/30/2015,3115.463918,10.95578792,
10/31/2015,2913.402062,10.95578792,
11/1/2015,2812.371134,10.95578792,
11/2/2015,2653.608247,10.45578792,
11/3/2015,2422.680412,10.45578792,
11/4/2015,2321.649485,9.8,
11/5/2015,2292.783505,9.95578792,
11/6/2015,2206.185567,9.95578792,
11/7/2015,2105.154639,9.45578792,
11/8/2015,1960.824742,9.45578792,
11/9/2015,1931.958763,9.45578792,
11/10/2015,1859.793814,9.45578792,
11/11/2015,1758.762887,9.95578792,
11/12/2015,1686.597938,12.2,
11/13/2015,1628.865979,9.95578792,
11/14/2015,1672.164948,10.15578792,
11/15/2015,1614.43299,10.15578792,
11/16/2015,1556.701031,10.15578792,
11/17/2015,1585.56701,10.2,
11/18/2015,1571.134021,10.3,8.58
11/19/2015,1571.134021,10.2,
11/20/2015,1585.56701,10.2,
11/21/2015,1600,10.3,
11/22/2015,1643.298969,9.8,
11/23/2015,1643.298969,8.9,
11/24/2015,1701.030928,9,
11/25/2015,1960.824742,8.4,
11/26/2015,2422.680412,8.6,
11/27/2015,2783.505155,8.1,
11/28/2015,3000,7.8,
11/29/2015,3014.43299,7.2,
11/30/2015,2884.536082,7,
12/1/2015,2639.175258,6.9,
12/2/2015,2465.979381,7,
12/3/2015,2336.082474,7.1,
12/4/2015,2336.082474,7.2,
12/5/2015,2393.814433,7.2,
12/6/2015,2610.309278,7.1,
12/7/2015,2971.134021,6.9,
12/8/2015,3115.463918,7,
12/9/2015,3101.030928,6.8,
12/10/2015,2884.536082,6.8,
12/11/2015,2682.474227,6.8,
12/12/2015,2480.412371,6.6,
12/13/2015,2307.216495,6.4,
12/14/2015,2148.453608,6.5,
12/15/2015,1989.690722,5.8,
12/16/2015,1931.958763,5.5,10.33
12/17/2015,1917.525773,5.3,
12/18/2015,1917.525773,5,
12/19/2015,1888.659794,5.3,
12/20/2015,1859.793814,5.3,
12/21/2015,1845.360825,5.3,
12/22/2015,1744.329897,5.2,
12/23/2015,1744.329897,5.2,
12/24/2015,1744.329897,5.5,
12/25/2015,1744.329897,5.4,
12/26/2015,1773.195876,5.6,
12/27/2015,1773.195876,5.5,
12/28/2015,1657.731959,5.5,
12/29/2015,1571.134021,5.3,
12/30/2015,1571.134021,5.2,
12/31/2015,1556.701031,4.4,
1/1/2016,1571.134021,3.6,
1/2/2016,1657.731959,3.6,
1/3/2016,1758.762887,3.1,
1/4/2016,1628.865979,2,
1/5/2016,1498.969072,1.2,
1/6/2016,1542.268041,1.2,
1/7/2016,1470.103093,2.2,
1/8/2016,1498.969072,2,
1/9/2016,1556.701031,2.4,
1/10/2016,1585.56701,2.8,
1/11/2016,1657.731959,2.8,
1/12/2016,1888.659794,3.5,
1/13/2016,2162.886598,3.5,
1/14/2016,2552.57732,3.2,
1/15/2016,3115.463918,3.4,
1/16/2016,3591.752577,3.1,
1/17/2016,3952.57732,2.8,
1/18/2016,4197.938144,2.2,
1/19/2016,4241.237113,2,
1/20/2016,4169.072165,1.4,12.2
1/21/2016,3981.443299,1.3,
1/22/2016,3779.381443,1.1,
1/23/2016,3534.020619,0.8,
1/24/2016,3230.927835,0.6,
1/25/2016,2927.835052,0.8,
1/26/2016,2639.175258,1.7,
1/27/2016,2451.546392,1.8,
1/28/2016,2437.113402,2.2,
1/29/2016,2422.680412,2.5,
1/30/2016,2350.515464,2.5,
1/31/2016,2379.381443,3.4,
2/1/2016,2379.381443,3.8,
2/2/2016,2364.948454,4,
2/3/2016,2465.979381,4.6,
2/4/2016,2581.443299,4.7,
2/5/2016,2769.072165,4.2,
2/6/2016,3072.164948,4,
2/7/2016,3447.42268,4.2,
2/8/2016,3736.082474,4.3,
2/9/2016,3880.412371,4.6,
2/10/2016,3995.876289,5.2,
2/11/2016,3981.443299,5.3,
2/12/2016,3952.57732,5.4,
2/13/2016,3967.010309,5.6,
2/14/2016,3967.010309,6,
2/15/2016,4183.505155,6.6,
2/16/2016,4385.56701,7,
2/17/2016,4688.659794,6.8,
2/18/2016,5092.783505,6.8,10.9
2/19/2016,5294.845361,6.5,
2/20/2016,5381.443299,6.3,
2/21/2016,5496.907216,6.2,
2/22/2016,5569.072165,6.4,
2/23/2016,5597.938144,6.8,
2/24/2016,5583.505155,6.8,
2/25/2016,5626.804124,6.4,
2/26/2016,5713.402062,6.7,
2/27/2016,5800,6.5,
2/28/2016,5944.329897,6.6,
2/29/2016,6074.226804,6.8,
3/1/2016,6117.525773,7.1,
3/2/2016,6160.824742,7,
3/3/2016,6232.989691,6.8,
3/4/2016,6261.85567,7.2,
3/5/2016,6261.85567,7.6,
3/6/2016,6261.85567,8,
3/7/2016,6290.721649,7.2,
3/8/2016,6406.185567,7.3,
3/9/2016,6536.082474,7.1,
3/10/2016,6608.247423,7.4,
3/11/2016,6665.979381,7.5,
3/12/2016,6738.14433,7.4,
3/13/2016,6738.14433,7.5,
3/14/2016,6680.412371,7.3,
3/15/2016,6593.814433,7.5,
3/16/2016,6507.216495,7.6,10.8
3/17/2016,6348.453608,7.6,
3/18/2016,6189.690722,7.8,
3/19/2016,6030.927835,8,
3/20/2016,5872.164948,8.1,
3/21/2016,5698.969072,8.6,
3/22/2016,5554.639175,8.8,
3/23/2016,5424.742268,8.8,
3/24/2016,5265.979381,8.2,
3/25/2016,5164.948454,8.2,
3/26/2016,5063.917526,8.5,
3/27/2016,4919.587629,8.7,
3/28/2016,4760.824742,8.7,
3/29/2016,4616.494845,9,
3/30/2016,4486.597938,9.3,
3/31/2016,4414.43299,10,
4/1/2016,4313.402062,10.6,
4/2/2016,4154.639175,11,
4/3/2016,4010.309278,11.4,
4/4/2016,3837.113402,11.8,
4/5/2016,3707.216495,12.3,
4/6/2016,3649.484536,13.2,
4/7/2016,3678.350515,13.8,
4/8/2016,3707.216495,14.4,
4/9/2016,3635.051546,14.4,
4/10/2016,3534.020619,14.1,
4/11/2016,3505.154639,13.6,
4/12/2016,3534.020619,13.8,
4/13/2016,3577.319588,14.4,
4/14/2016,3562.886598,14.7,
4/15/2016,3447.42268,14.2,
4/16/2016,3375.257732,14.6,
4/17/2016,3331.958763,15.1,
4/18/2016,3259.793814,15.3,
4/19/2016,3158.762887,15.8,
4/20/2016,3101.030928,15.2,9.9
4/21/2016,3101.030928,14.6,
4/22/2016,3115.463918,14.8,
4/23/2016,3115.463918,15.2,
4/24/2016,3158.762887,15.6,
4/25/2016,3187.628866,14.4,
4/26/2016,3144.329897,13.8,
4/27/2016,3129.896907,14,
4/28/2016,3072.164948,14,
4/29/2016,3043.298969,13.8,
4/30/2016,2956.701031,13.7,
5/1/2016,2898.969072,13.7,
5/2/2016,2971.134021,13.6,
5/3/2016,2927.835052,13.5,
5/4/2016,2956.701031,13.4,
5/5/2016,3259.793814,13.4,
5/6/2016,3707.216495,14,
5/7/2016,4068.041237,14.8,
5/8/2016,4255.670103,15.3,
5/9/2016,4327.835052,15.4,
5/10/2016,4298.969072,15.8,
5/11/2016,4226.804124,16.2,
5/12/2016,4111.340206,16.7,
5/13/2016,3981.443299,16.5,
5/14/2016,3808.247423,16.7,
5/15/2016,3635.051546,16.5,
5/16/2016,3620.618557,16,
5/17/2016,3721.649485,15.8,
5/18/2016,4082.474227,15.8,8.2
5/19/2016,4472.164948,15.8,
5/20/2016,4717.525773,16.4,
5/21/2016,4847.42268,16.2,
5/22/2016,4861.85567,16.7,
5/23/2016,4832.989691,17.2,
5/24/2016,4760.824742,17.8,
5/25/2016,4558.762887,17.7,
5/26/2016,4327.835052,18,
5/27/2016,4096.907216,18.6,
5/28/2016,3894.845361,19.8,
5/29/2016,3822.680412,20.4,
5/30/2016,3837.113402,20.6,
5/31/2016,3721.649485,21,
6/1/2016,3591.752577,21.2,
6/2/2016,3505.154639,20.8,
6/3/2016,3476.28866,20.5,
6/4/2016,3562.886598,20.7,
6/5/2016,3649.484536,21,
6/6/2016,3779.381443,20.8,
6/7/2016,3909.278351,20.6,
6/8/2016,4010.309278,20.4,
6/9/2016,4082.474227,20.3,
6/10/2016,4125.773196,20.6,
6/11/2016,4082.474227,20.8,
6/12/2016,4010.309278,20.8,
6/13/2016,3938.14433,20.7,
6/14/2016,3851.546392,20.3,
6/15/2016,3909.278351,20.8,7.2
6/16/2016,4082.474227,20.8,
6/17/2016,4212.371134,21,
6/18/2016,4197.938144,21.2,
6/19/2016,4212.371134,21.4,
6/20/2016,4342.268041,21.3,
6/21/2016,4414.43299,21.5,
6/22/2016,4385.56701,21.3,
6/23/2016,4342.268041,21.7,
6/24/2016,4385.56701,22,
6/25/2016,4529.896907,22.2,
6/26/2016,4645.360825,22.4,
6/27/2016,4659.793814,22.8,
6/28/2016,4602.061856,22.3,
6/29/2016,4443.298969,21.8,
6/30/2016,4226.804124,22.4,
7/1/2016,4082.474227,22.8,
7/2/2016,4024.742268,23.2,
7/3/2016,4039.175258,23.4,
7/4/2016,4010.309278,23.2,
7/5/2016,3909.278351,23.2,
7/6/2016,3750.515464,23.5,
7/7/2016,3577.319588,23.5,
7/8/2016,3447.42268,23.3,
7/9/2016,3404.123711,23.4,
7/10/2016,3317.525773,23.5,
7/11/2016,3216.494845,23.5,
7/12/2016,3014.43299,23.6,
7/13/2016,2783.505155,23.8,
7/14/2016,2552.57732,24.6,
7/15/2016,2393.814433,24,
7/16/2016,2437.113402,22.8,
7/17/2016,2639.175258,22.6,
7/18/2016,2913.402062,21.8,
7/19/2016,3317.525773,21.8,
7/20/2016,3663.917526,21.6,7
7/21/2016,3995.876289,21.4,
7/22/2016,4169.072165,21.3,
7/23/2016,4169.072165,21.2,
7/24/2016,4096.907216,21.5,
7/25/2016,3938.14433,22.2,
7/26/2016,3707.216495,22.3,
7/27/2016,3534.020619,22.5,
7/28/2016,3375.257732,22.6,
7/29/2016,3202.061856,22.8,
7/30/2016,3101.030928,22.8,
7/31/2016,3028.865979,23.1,
8/1/2016,3014.43299,24.4,
8/2/2016,3014.43299,24.4,
8/3/2016,3086.597938,24.6,
8/4/2016,3115.463918,24.6,
8/5/2016,3101.030928,24.6,
8/6/2016,3043.298969,24.6,
8/7/2016,2956.701031,24,
8/8/2016,2884.536082,23.2,
8/9/2016,2797.938144,23.2,
8/10/2016,2797.938144,23.6,
8/11/2016,2855.670103,24.2,
8/12/2016,2942.268041,24.8,
8/13/2016,3028.865979,23.4,
8/14/2016,3129.896907,22.4,
8/15/2016,3230.927835,21.8,
8/16/2016,3331.958763,21.6,
8/17/2016,3360.824742,21.4,
8/18/2016,3331.958763,20.4,
8/19/2016,3259.793814,20.6,
8/20/2016,3202.061856,20.8,
8/21/2016,3101.030928,21.2,
8/22/2016,3043.298969,21,
8/23/2016,2942.268041,21,
8/24/2016,2855.670103,20,7
8/25/2016,2797.938144,20.7,
8/26/2016,2783.505155,20.8,
8/27/2016,2812.371134,21.2,
8/28/2016,2855.670103,21.4,
8/29/2016,2898.969072,21.6,
8/30/2016,2740.206186,22,
8/31/2016,2552.57732,22.2,
9/1/2016,2465.979381,22.3,
9/2/2016,2336.082474,22.8,
9/3/2016,2263.917526,22.8,
9/4/2016,2235.051546,22.8,
9/5/2016,2206.185567,23,
9/6/2016,2162.886598,22,
9/7/2016,2119.587629,21.8,
9/8/2016,2047.42268,21.8,
9/9/2016,1960.824742,21.8,
9/10/2016,1917.525773,22.2,
9/11/2016,2119.587629,22,
9/12/2016,2235.051546,22.1,
9/13/2016,2235.051546,22.3,
9/14/2016,2220.618557,22.2,
9/15/2016,2191.752577,22.1,
9/16/2016,2148.453608,22.4,
9/17/2016,2090.721649,22.6,
9/18/2016,1989.690722,22.4,
9/19/2016,1903.092784,22.3,
9/20/2016,1802.061856,21.6,
9/21/2016,1701.030928,20.4,
9/22/2016,1715.463918,20,7.1
9/23/2016,1845.360825,19.4,
9/24/2016,2018.556701,19.3,
9/25/2016,2235.051546,19,
9/26/2016,2379.381443,19,
9/27/2016,2422.680412,18.6,
9/28/2016,2379.381443,18.2,
9/29/2016,2278.350515,18,
9/30/2016,2119.587629,18,
10/1/2016,1975.257732,18.1,
10/2/2016,1845.360825,18.2,
10/3/2016,1729.896907,18.4,
10/4/2016,1686.597938,17.8,
10/5/2016,1643.298969,16.6,
10/6/2016,1614.43299,15.8,
10/7/2016,1614.43299,15.4,
10/8/2016,1672.164948,15,
10/9/2016,1802.061856,14.7,
10/10/2016,1960.824742,14.3,
10/11/2016,2032.989691,14.3,
10/12/2016,2047.42268,13.8,
10/13/2016,2076.28866,13,
10/14/2016,2148.453608,12.6,
10/15/2016,2206.185567,12.8,
10/16/2016,2105.154639,12.7,
10/17/2016,2148.453608,12.8,
10/18/2016,2191.752577,12.5,
10/19/2016,2105.154639,12.2,9.5
10/20/2016,2105.154639,12,
10/21/2016,2148.453608,12.2,
10/22/2016,2119.587629,12.2,
10/23/2016,2206.185567,12.2,
10/24/2016,2437.113402,12.2,
10/25/2016,2595.876289,12.3,
10/26/2016,2682.474227,12.5,
10/27/2016,2682.474227,12.2,
10/28/2016,2754.639175,11.6,
10/29/2016,2696.907216,11.2,
10/30/2016,2668.041237,11,
10/31/2016,2754.639175,10.6,
11/1/2016,2769.072165,10.7,
11/2/2016,2711.340206,10.7,
11/3/2016,2523.71134,10.8,
11/4/2016,2393.814433,10.3,
11/5/2016,2321.649485,9.8,
11/6/2016,2336.082474,10.2,
11/7/2016,2307.216495,10.7,
11/8/2016,2220.618557,10.6,
11/9/2016,2278.350515,10.2,
11/10/2016,2740.206186,9.4,
11/11/2016,3476.28866,8.4,
11/12/2016,4111.340206,8.4,
11/13/2016,4371.134021,8.4,
11/14/2016,4688.659794,7.6,
11/15/2016,4905.154639,7,10.9
11/16/2016,5035.051546,7,
11/17/2016,5049.484536,6.8,
11/18/2016,5020.618557,6.6,
11/19/2016,4977.319588,6.6,
11/20/2016,4876.28866,6.8,
11/21/2016,4760.824742,7,
11/22/2016,4587.628866,7,
11/23/2016,4515.463918,6.8,
11/24/2016,4457.731959,6.7,
11/25/2016,4414.43299,7,
11/26/2016,4428.865979,7.2,
11/27/2016,4356.701031,7.4,
11/28/2016,4140.206186,7.3,
11/29/2016,3880.412371,6.6,
11/30/2016,3635.051546,5.8,
12/1/2016,3389.690722,6,
12/2/2016,3173.195876,6,
12/3/2016,3043.298969,5.4,
12/4/2016,2956.701031,5.2,
12/5/2016,2942.268041,4.8,
12/6/2016,2797.938144,4.6,
12/7/2016,2668.041237,4.3,
12/8/2016,2610.309278,3.8,
12/9/2016,2523.71134,3.2,
12/10/2016,2465.979381,3,
12/11/2016,2451.546392,3.3,
12/12/2016,2336.082474,3.4,
12/13/2016,2249.484536,3.2,
12/14/2016,2206.185567,2.6,
12/15/2016,2032.989691,2.2,
12/16/2016,2061.85567,2.8,
12/17/2016,2090.721649,2.8,
12/18/2016,2119.587629,2.2,
12/19/2016,2119.587629,2.2,
12/20/2016,2032.989691,2,
12/21/2016,2105.154639,1.8,12.4
12/22/2016,2105.154639,1.6,
12/23/2016,2076.28866,1.5,
12/24/2016,2076.28866,1.4,
12/25/2016,2004.123711,1.5,
12/26/2016,1917.525773,2.2,
12/27/2016,1874.226804,2.8,
12/28/2016,1802.061856,2.7,
12/29/2016,1701.030928,2.3,
12/30/2016,1701.030928,1.8,
12/31/2016,1715.463918,1.7,
1/1/2017,1744.329897,1.5,
1/2/2017,1773.195876,1.4,
1/3/2017,1758.762887,1.8,
1/4/2017,1758.762887,1.6,11.4
1/5/2017,1715.463918,1.4,
1/6/2017,1585.56701,0.8,
1/7/2017,1498.969072,0,
1/8/2017,1498.969072,0,
1/9/2017,1441.237113,0,
1/10/2017,1600,0,
1/11/2017,1859.793814,0,
1/12/2017,2076.28866,0,
1/13/2017,2134.020619,0,
1/14/2017,2942.268041,0,
1/15/2017,2913.402062,0,
1/16/2017,2927.835052,0,
1/17/2017,3043.298969,0,
1/18/2017,3014.43299,0,
1/19/2017,2740.206186,0,
1/20/2017,2711.340206,0,
1/21/2017,2653.608247,0,
1/22/2017,2538.14433,0,
1/23/2017,2393.814433,0,
1/24/2017,2350.515464,0,
1/25/2017,2321.649485,0,
1/26/2017,2249.484536,0,
1/27/2017,2191.752577,0,
1/28/2017,2162.886598,0,
1/29/2017,2119.587629,0,
1/30/2017,2119.587629,0,
1/31/2017,2134.020619,0,
2/1/2017,2032.989691,0,
2/2/2017,1960.824742,0,
2/3/2017,1931.958763,0,
2/4/2017,2076.28866,0,
2/5/2017,2321.649485,0.4,
2/6/2017,2682.474227,0.4,
2/7/2017,2913.402062,0.6,
2/8/2017,3259.793814,1.2,
2/9/2017,3707.216495,1.8,
2/10/2017,4125.773196,1.8,
2/11/2017,4385.56701,1.6,
2/12/2017,4544.329897,1.3,
2/13/2017,4501.030928,0.9,
2/14/2017,4255.670103,0.4,
2/15/2017,4053.608247,0.6,
2/16/2017,3880.412371,0.6,
2/17/2017,3721.649485,0.8,
2/18/2017,3548.453608,0.8,
2/19/2017,3404.123711,1.2,
2/20/2017,3288.659794,2,
2/21/2017,3129.896907,2.2,
2/22/2017,2971.134021,2.7,11.9
2/23/2017,2870.103093,3.4,
2/24/2017,2855.670103,4.2,
2/25/2017,2841.237113,4.5,
2/26/2017,3187.628866,5,
2/27/2017,3721.649485,5.3,
2/28/2017,4154.639175,6.6,
3/1/2017,4443.298969,6.4,
3/2/2017,4529.896907,6,
3/3/2017,4573.195876,6,
3/4/2017,4587.628866,6.2,
3/5/2017,4602.061856,6.7,
3/6/2017,4616.494845,7,
3/7/2017,4602.061856,7.3,
3/8/2017,4602.061856,7.4,
3/9/2017,4717.525773,7.2,
3/10/2017,4905.154639,7.2,
3/11/2017,4962.886598,7.2,
3/12/2017,4948.453608,7.2,
3/13/2017,4934.020619,7.4,
3/14/2017,4948.453608,7.8,
3/15/2017,5006.185567,8.1,11.3
3/16/2017,5049.484536,8.3,
3/17/2017,5006.185567,8.3,
3/18/2017,4861.85567,8.4,
3/19/2017,4587.628866,8.8,
3/20/2017,4270.103093,8.8,
3/21/2017,3952.57732,9.3,
3/22/2017,3779.381443,10,
3/23/2017,3750.515464,10.6,
3/24/2017,3967.010309,10.8,
3/25/2017,4183.505155,10.8,
3/26/2017,4284.536082,10.7,
3/27/2017,4284.536082,10,
3/28/2017,4226.804124,9.4,
3/29/2017,4140.206186,10.8,
3/30/2017,3995.876289,11.2,
3/31/2017,3822.680412,11.4,
4/1/2017,3620.618557,11.6,
4/2/2017,3404.123711,11.8,
4/3/2017,3173.195876,12.3,
4/4/2017,2985.56701,12.5,
4/5/2017,2855.670103,12.8,
4/6/2017,2740.206186,13,
4/7/2017,2682.474227,12.4,
4/8/2017,2668.041237,12.4,
4/9/2017,2682.474227,12.4,
4/10/2017,2740.206186,12.5,
4/11/2017,2711.340206,13.2,
4/12/2017,2696.907216,13.2,
4/13/2017,2682.474227,13.4,
4/14/2017,2624.742268,13.8,
4/15/2017,2567.010309,14,
4/16/2017,2437.113402,14.3,
4/17/2017,2379.381443,13.4,
4/18/2017,2350.515464,13.1,
4/19/2017,2408.247423,12.8,11.4
4/20/2017,2408.247423,12,
4/21/2017,2465.979381,11,
4/22/2017,2682.474227,10.6,
4/23/2017,2956.701031,11,
4/24/2017,3144.329897,10.7,
4/25/2017,3202.061856,11.4,
4/26/2017,3245.360825,12,
4/27/2017,3303.092784,12.8,
4/28/2017,3317.525773,13.2,
4/29/2017,3187.628866,13.3,
4/30/2017,3028.865979,12.5,
5/1/2017,3216.494845,13.4,
5/2/2017,3620.618557,13.6,
5/3/2017,3938.14433,14.5,
5/4/2017,4197.938144,14.5,
5/5/2017,4414.43299,14.4,
5/6/2017,4501.030928,14.7,
5/7/2017,4472.164948,14,
5/8/2017,4414.43299,14,
5/9/2017,4371.134021,13.8,
5/10/2017,4342.268041,13.7,
5/11/2017,4342.268041,14,
5/12/2017,4270.103093,14.5,
5/13/2017,4125.773196,14.8,
5/14/2017,4096.907216,15.6,
5/15/2017,4212.371134,16.2,
5/16/2017,4183.505155,16.4,
5/17/2017,4154.639175,16.4,9.3
5/18/2017,4169.072165,17,
5/19/2017,4125.773196,17.5,
5/20/2017,4053.608247,18,
5/21/2017,3967.010309,18.6,
5/22/2017,3880.412371,18.8,
5/23/2017,3721.649485,19,
5/24/2017,3548.453608,19,
5/25/2017,3375.257732,18.8,
5/26/2017,3303.092784,19,
5/27/2017,3245.360825,19.4,
5/28/2017,3187.628866,19.5,
5/29/2017,3144.329897,20,
5/30/2017,3086.597938,20.4,
5/31/2017,3043.298969,21,
6/1/2017,2913.402062,21.6,
6/2/2017,2826.804124,21.7,
6/3/2017,2682.474227,22,
6/4/2017,2696.907216,22.6,
6/5/2017,2711.340206,23,
6/6/2017,2653.608247,23.7,
6/7/2017,2610.309278,24.2,
6/8/2017,2595.876289,23,
6/9/2017,2552.57732,22.8,
6/10/2017,2581.443299,23.5,
6/11/2017,2523.71134,23.4,
6/12/2017,2567.010309,24,
6/13/2017,2595.876289,23.7,
6/14/2017,2595.876289,23.7,
6/15/2017,2595.876289,23.2,
6/16/2017,2552.57732,23.6,
6/17/2017,2393.814433,23.5,
6/18/2017,2235.051546,22.4,
6/19/2017,2162.886598,22,
6/20/2017,2105.154639,22.6,
6/21/2017,2119.587629,23.4,
6/22/2017,2119.587629,23.8,8
6/23/2017,2047.42268,24.4,
6/24/2017,2004.123711,24.6,
6/25/2017,2018.556701,25,
6/26/2017,1960.824742,25.3,
6/27/2017,1888.659794,25.6,
6/28/2017,1888.659794,26.2,
6/29/2017,1845.360825,26.4,
6/30/2017,1816.494845,26.4,
7/1/2017,1859.793814,26.4,
7/2/2017,1888.659794,26,
7/3/2017,1917.525773,25.3,
7/4/2017,1903.092784,24.4,
7/5/2017,1859.793814,24.6,
7/6/2017,1874.226804,25.4,
7/7/2017,1917.525773,25.6,
7/8/2017,1989.690722,25.8,
7/9/2017,1975.257732,26.2,
7/10/2017,2004.123711,26.5,
7/11/2017,1903.092784,27.4,
7/12/2017,1859.793814,26.6,
7/13/2017,1787.628866,26.7,
7/14/2017,1758.762887,25.8,
7/15/2017,1715.463918,25.8,
7/16/2017,1715.463918,25.4,
7/17/2017,1802.061856,24.9,
7/18/2017,1816.494845,24.8,
7/19/2017,1830.927835,25,7.3
7/20/2017,1816.494845,25.1,
7/21/2017,1787.628866,25.2,
7/22/2017,1787.628866,25.4,
7/23/2017,1758.762887,26,
7/24/2017,1729.896907,26.2,
7/25/2017,1686.597938,26.3,
7/26/2017,1643.298969,25.4,
7/27/2017,1614.43299,25,
7/28/2017,1657.731959,24.5,
7/29/2017,1758.762887,24.5,
7/30/2017,1931.958763,24.7,
7/31/2017,2206.185567,25,
8/1/2017,2408.247423,25,
8/2/2017,2567.010309,25.4,
8/3/2017,2610.309278,25.7,
8/4/2017,2494.845361,26,
8/5/2017,2379.381443,26.2,
8/6/2017,2292.783505,26.8,
8/7/2017,2206.185567,27,
8/8/2017,2119.587629,27,
8/9/2017,2076.28866,26.5,
8/10/2017,1989.690722,26.6,
8/11/2017,1960.824742,26.7,
8/12/2017,2076.28866,26.8,
8/13/2017,2206.185567,26.3,
8/14/2017,2249.484536,26,
8/15/2017,2249.484536,25.5,
8/16/2017,2249.484536,25.6,
8/17/2017,2278.350515,25.7,
8/18/2017,2292.783505,26,
8/19/2017,2235.051546,26,
8/20/2017,2105.154639,26,
8/21/2017,2032.989691,25,
8/22/2017,2018.556701,25,
8/23/2017,1960.824742,24.9,6.3
8/24/2017,1960.824742,25.1,
8/25/2017,2105.154639,25.3,
8/26/2017,2235.051546,25.5,
8/27/2017,2220.618557,25.7,
8/28/2017,2119.587629,25.5,
8/29/2017,2032.989691,25,
8/30/2017,1960.824742,23.8,
8/31/2017,1888.659794,23,
9/1/2017,1787.628866,23.4,
9/2/2017,1715.463918,23.5,
9/3/2017,1686.597938,22.8,
9/4/2017,1657.731959,21.5,
9/5/2017,1643.298969,20.5,
9/6/2017,1672.164948,20.5,
9/7/2017,1816.494845,20.8,
9/8/2017,2018.556701,20.4,
9/9/2017,2278.350515,20.4,
9/10/2017,2465.979381,19.8,
9/11/2017,2567.010309,19.7,
9/12/2017,2494.845361,19.5,
9/13/2017,2451.546392,19.1,
9/14/2017,2437.113402,18.8,
9/15/2017,2307.216495,18.7,
9/16/2017,2206.185567,18.8,
9/17/2017,2162.886598,19.4,
9/18/2017,2206.185567,18.7,
9/19/2017,2336.082474,18.4,
9/20/2017,2336.082474,18.1,7.5
9/21/2017,2437.113402,17.2,
9/22/2017,2639.175258,16.2,
9/23/2017,2841.237113,15.6,
9/24/2017,3101.030928,15.6,
9/25/2017,3418.556701,15.6,
9/26/2017,3649.484536,15.2,
9/27/2017,3764.948454,14.9,
9/28/2017,3764.948454,14.6,
9/29/2017,3663.917526,14.1,
9/30/2017,3505.154639,14.1,
10/1/2017,3346.391753,14.1,
10/2/2017,3144.329897,14.1,
10/3/2017,2898.969072,14.2,
10/4/2017,2668.041237,14.7,
10/5/2017,2422.680412,14.8,
10/6/2017,2206.185567,15.2,
10/7/2017,2148.453608,14.4,
10/8/2017,2090.721649,13.8,
10/9/2017,2047.42268,14,
10/10/2017,2105.154639,14,
10/11/2017,2177.319588,13.7,
10/12/2017,2220.618557,13.8,
10/13/2017,2220.618557,13.8,
10/14/2017,2278.350515,13.8,
10/15/2017,2263.917526,14,
10/16/2017,2235.051546,14.3,
10/17/2017,2220.618557,14.4,
10/18/2017,2191.752577,14.5,
10/19/2017,2047.42268,14.6,
10/20/2017,1946.391753,14.6,
10/21/2017,1874.226804,14.6,
10/22/2017,1729.896907,14.8,
10/23/2017,1657.731959,14.8,
10/24/2017,1614.43299,12.8,
10/25/2017,1729.896907,13,8.5
10/26/2017,1802.061856,13,
10/27/2017,1946.391753,13,
10/28/2017,2047.42268,12.8,
10/29/2017,2206.185567,12.7,
10/30/2017,2292.783505,11.4,
10/31/2017,2263.917526,10.8,
11/1/2017,2307.216495,10.4,
11/2/2017,2393.814433,10.5,
11/3/2017,2494.845361,10.6,
11/4/2017,2639.175258,10.4,
11/5/2017,2812.371134,10.4,
11/6/2017,2870.103093,9.8,
11/7/2017,2769.072165,9.6,
11/8/2017,2668.041237,9.7,
11/9/2017,2451.546392,9.9,
11/10/2017,2321.649485,10.2,
11/11/2017,2379.381443,9.8,
11/12/2017,2595.876289,9.7,
11/13/2017,2898.969072,10,
11/14/2017,2985.56701,9.6,
11/15/2017,2971.134021,9.2,9.4
11/16/2017,3014.43299,8.8,
11/17/2017,3158.762887,8.8,
11/18/2017,3404.123711,8.7,
11/19/2017,3562.886598,8.4,
11/20/2017,3663.917526,8,
11/21/2017,3649.484536,7.4,
11/22/2017,3548.453608,7.2,
11/23/2017,3375.257732,7,
11/24/2017,3187.628866,7.2,
11/25/2017,3043.298969,7.2,
11/26/2017,2971.134021,7.2,
11/27/2017,2884.536082,6.9,
11/28/2017,2855.670103,6.5,
11/29/2017,2971.134021,6,
11/30/2017,3144.329897,6.2,
12/1/2017,3216.494845,6.1,
12/2/2017,3346.391753,5.9,
12/3/2017,3635.051546,5.4,
12/4/2017,3938.14433,4.8,
12/5/2017,4053.608247,4.7,
12/6/2017,3995.876289,4.5,
12/7/2017,3865.979381,4.4,
12/8/2017,3736.082474,4.2,
12/9/2017,3635.051546,4.4,
12/10/2017,3432.989691,4,
12/11/2017,3389.690722,4,
12/12/2017,3288.659794,4.3,
12/13/2017,3375.257732,4.3,
12/14/2017,3562.886598,4.3,
12/15/2017,3880.412371,4.2,
12/16/2017,4313.402062,5,
12/17/2017,4703.092784,4.8,
12/18/2017,5063.917526,4.7,
12/19/2017,5265.979381,4.2,
12/20/2017,5338.14433,3.8,12
12/21/2017,5352.57732,3.8,
12/22/2017,5309.278351,3.5,
12/23/2017,5237.113402,3.5,
12/24/2017,5150.515464,3.6,
12/25/2017,5078.350515,3.6,
12/26/2017,4948.453608,3.6,
12/27/2017,4861.85567,3.7,
12/28/2017,4861.85567,3.8,
12/29/2017,4818.556701,3.8,
12/30/2017,4775.257732,3.8,
12/31/2017,4746.391753,3.9,
1/1/2018,4760.824742,4,
1/2/2018,4789.690722,4.3,
1/3/2018,4674.226804,4.3,
1/4/2018,4616.494845,4.3,
1/5/2018,4688.659794,4.5,
1/6/2018,4760.824742,4.5,
1/7/2018,4789.690722,4.5,
1/8/2018,4731.958763,4.6,
1/9/2018,4804.123711,4.9,
1/10/2018,5006.185567,4.8,
1/11/2018,5035.051546,4.9,
1/12/2018,5078.350515,5,
1/13/2018,5193.814433,4.9,
1/14/2018,5309.278351,4.7,
1/15/2018,5352.57732,4.7,
1/16/2018,5265.979381,4.4,
1/17/2018,5179.381443,4.8,10.07
1/18/2018,5049.484536,4.6,
1/19/2018,4948.453608,4.6,
1/20/2018,4804.123711,4.5,
1/21/2018,4717.525773,4.4,
1/22/2018,4674.226804,4,
1/23/2018,4659.793814,3.8,
1/24/2018,4688.659794,3.6,
1/25/2018,4731.958763,3.4,
1/26/2018,4703.092784,3.4,
1/27/2018,4630.927835,3.5,
1/28/2018,4529.896907,3.6,
1/29/2018,4457.731959,3.6,
1/30/2018,4371.134021,3.7,
1/31/2018,4327.835052,4,
2/1/2018,4270.103093,4.3,
2/2/2018,4226.804124,4.5,
2/3/2018,4140.206186,4.8,
2/4/2018,4068.041237,4.8,
2/5/2018,4241.237113,4.5,
2/6/2018,4501.030928,4.5,
2/7/2018,4804.123711,4.7,
2/8/2018,4962.886598,4.5,
2/9/2018,4962.886598,4.5,
2/10/2018,5006.185567,4.3,
2/11/2018,5063.917526,4.2,
2/12/2018,5035.051546,4.1,
2/13/2018,4905.154639,4.3,
2/14/2018,4717.525773,4,
2/15/2018,4529.896907,3.8,
2/16/2018,4400,3.9,
2/17/2018,4241.237113,4,
2/18/2018,4125.773196,3.9,
2/19/2018,4024.742268,3.8,
2/20/2018,4039.175258,3.8,
2/21/2018,4039.175258,3.6,11.02
2/22/2018,4068.041237,3.5,
2/23/2018,4169.072165,3.5,
2/24/2018,4169.072165,3.4,
2/25/2018,4154.639175,3,
2/26/2018,4212.371134,2.5,
2/27/2018,4154.639175,2.1,
2/28/2018,3967.010309,1.5,
3/1/2018,3764.948454,1.3,
3/2/2018,3663.917526,1.2,
3/3/2018,3461.85567,1.5,
3/4/2018,3303.092784,1.6,
3/5/2018,3360.824742,1.6,
3/6/2018,3519.587629,1.8,
3/7/2018,3490.721649,2,
3/8/2018,3548.453608,2.5,
3/9/2018,3837.113402,2.7,
3/10/2018,4111.340206,3.2,
3/11/2018,4241.237113,3.6,
3/12/2018,4486.597938,5,
3/13/2018,4717.525773,5.6,
3/14/2018,4934.020619,5.8,
3/15/2018,5121.649485,6.2,
3/16/2018,5323.71134,6.7,
3/17/2018,5540.206186,7,
3/18/2018,5742.268041,7,
3/19/2018,5987.628866,6.8,
3/20/2018,6088.659794,6.4,
3/21/2018,6189.690722,6.2,
3/22/2018,6319.587629,5.4,10.07
3/23/2018,6478.350515,5,
3/24/2018,6550.515464,4.8,
3/25/2018,6593.814433,4.7,
3/26/2018,6564.948454,5.2,
3/27/2018,6507.216495,5.6,
3/28/2018,6435.051546,5.6,
3/29/2018,6362.886598,6.3,
3/30/2018,6319.587629,6.4,
3/31/2018,6247.42268,6.6,
4/1/2018,6175.257732,7.7,
4/2/2018,6103.092784,7.6,
4/3/2018,6088.659794,8.2,
4/4/2018,6175.257732,9.3,
4/5/2018,6305.154639,9.5,
4/6/2018,6391.752577,10.2,
4/7/2018,6449.484536,10.1,
4/8/2018,6507.216495,10.2,
4/9/2018,6521.649485,10.6,
4/10/2018,6507.216495,11.6,
4/11/2018,6420.618557,12.4,
4/12/2018,6348.453608,12.5,
4/13/2018,6290.721649,13,
4/14/2018,6204.123711,13.6,
4/15/2018,6160.824742,14,
4/16/2018,6117.525773,14,
4/17/2018,6059.793814,14.2,
4/18/2018,5973.195876,14.5,
4/19/2018,5872.164948,14.6,9.07
4/20/2018,5800,14.6,
4/21/2018,5756.701031,15.2,
4/22/2018,5727.835052,15,
4/23/2018,5670.103093,15.8,
4/24/2018,5554.639175,16.4,
4/25/2018,5410.309278,17,
4/26/2018,5280.412371,17.4,
4/27/2018,5107.216495,17.4,
4/28/2018,4962.886598,17.7,
4/29/2018,4818.556701,17.9,
4/30/2018,4703.092784,18.2,
5/1/2018,4529.896907,18.4,
5/2/2018,4385.56701,18.7,
5/3/2018,4226.804124,18.6,
5/4/2018,4053.608247,18.6,
5/5/2018,3894.845361,19,
5/6/2018,3865.979381,19.3,
5/7/2018,3909.278351,19.4,
5/8/2018,3880.412371,19.4,
5/9/2018,3981.443299,19.5,
5/10/2018,4053.608247,19.5,
5/11/2018,4010.309278,19.7,
5/12/2018,3880.412371,19.7,
5/13/2018,3707.216495,19.7,
5/14/2018,3534.020619,19.7,
5/15/2018,3389.690722,19.5,
5/16/2018,3288.659794,19.6,7.55
5/17/2018,3230.927835,19.4,
5/18/2018,3202.061856,19.4,
5/19/2018,3216.494845,19.6,
5/20/2018,3346.391753,19.7,
5/21/2018,3534.020619,19.6,
5/22/2018,3663.917526,19.5,
5/23/2018,3692.783505,19.7,
5/24/2018,3606.185567,19.8,
5/25/2018,3548.453608,20,
5/26/2018,3461.85567,20.3,
5/27/2018,3360.824742,20.8,
5/28/2018,3187.628866,21,
5/29/2018,3000,21.4,
5/30/2018,2942.268041,21.5,
5/31/2018,2927.835052,21.7,
6/1/2018,2884.536082,22.2,
6/2/2018,2884.536082,22.6,
6/3/2018,2841.237113,22.8,
6/4/2018,2783.505155,23,
6/5/2018,2740.206186,23.5,
6/6/2018,2725.773196,24.5,
6/7/2018,2812.371134,23.9,
6/8/2018,2870.103093,24,
6/9/2018,2841.237113,24.5,
6/10/2018,2841.237113,23.8,
6/11/2018,2797.938144,24,
6/12/2018,2740.206186,24.3,
6/13/2018,2740.206186,24.4,
6/14/2018,2797.938144,24.5,
6/15/2018,2797.938144,23,
6/16/2018,2884.536082,22.7,
6/17/2018,3057.731959,22.8,
6/18/2018,3331.958763,22.7,
6/19/2018,3577.319588,22.7,
6/20/2018,3707.216495,22.6,6.21
6/21/2018,3736.082474,23.2,
6/22/2018,3649.484536,23.4,
6/23/2018,3432.989691,22,
6/24/2018,3230.927835,21.8,
6/25/2018,3028.865979,21.8,
6/26/2018,2870.103093,21.3,
6/27/2018,2769.072165,21.6,
6/28/2018,2740.206186,21,
6/29/2018,2841.237113,20.3,
6/30/2018,2971.134021,20.8,
7/1/2018,3072.164948,21,
7/2/2018,3158.762887,21.2,
7/3/2018,3259.793814,21.5,
7/4/2018,3418.556701,22,
7/5/2018,3461.85567,22,
7/6/2018,3404.123711,22.5,
7/7/2018,3245.360825,23,
7/8/2018,3101.030928,23.8,
7/9/2018,3014.43299,24,
7/10/2018,2913.402062,24,
7/11/2018,2870.103093,23,
7/12/2018,2884.536082,23.2,
7/13/2018,3000,23,
7/14/2018,2913.402062,22.5,
7/15/2018,2841.237113,23,
7/16/2018,2711.340206,24,
7/17/2018,2624.742268,24,
7/18/2018,2538.14433,25,7.13
7/19/2018,2408.247423,25,
7/20/2018,2307.216495,25.5,
7/21/2018,2249.484536,25,
7/22/2018,2263.917526,25,
7/23/2018,2235.051546,24,
7/24/2018,2177.319588,24,
7/25/2018,2235.051546,24.5,
7/26/2018,2235.051546,25,
7/27/2018,2220.618557,25,
7/28/2018,2235.051546,24,
7/29/2018,2307.216495,24.5,
7/30/2018,2350.515464,25,
7/31/2018,2321.649485,26,
8/1/2018,2292.783505,26,
8/2/2018,2263.917526,26.2,
8/3/2018,2206.185567,26,
8/4/2018,2162.886598,26.2,
8/5/2018,2134.020619,26.4,
8/6/2018,2032.989691,26,
8/7/2018,1917.525773,27,
8/8/2018,1874.226804,27,
8/9/2018,1802.061856,27.2,
8/10/2018,1744.329897,27.4,
8/11/2018,1701.030928,27.5,
8/12/2018,1643.298969,27.5,
8/13/2018,1643.298969,27.7,
8/14/2018,1600,27.7,
8/15/2018,1571.134021,27.7,5.59
8/16/2018,1571.134021,27.7,
8/17/2018,1571.134021,27.5,
8/18/2018,1600,27.5,
8/19/2018,1657.731959,27.2,
8/20/2018,1672.164948,27.5,
8/21/2018,1614.43299,27.5,
8/22/2018,1556.701031,27.6,
8/23/2018,1571.134021,27.6,
8/24/2018,1585.56701,27.6,
8/25/2018,1542.268041,26.8,
8/26/2018,1527.835052,26.7,
8/27/2018,1470.103093,26,
8/28/2018,1484.536082,25,
8/29/2018,1513.402062,25,
8/30/2018,1585.56701,24.6,
8/31/2018,1686.597938,24.6,
9/1/2018,1888.659794,25,
9/2/2018,1960.824742,25.2,
9/3/2018,1931.958763,24.5,
9/4/2018,1830.927835,24.5,
9/5/2018,1802.061856,24.3,
9/6/2018,1903.092784,24,
9/7/2018,2076.28866,23,
9/8/2018,2206.185567,22.8,
9/9/2018,2321.649485,22.2,
9/10/2018,2307.216495,21.6,
9/11/2018,2249.484536,21.7,
9/12/2018,2148.453608,21.7,
9/13/2018,2047.42268,21.9,
9/14/2018,1859.793814,22,
9/15/2018,1715.463918,22.1,
9/16/2018,1628.865979,21.6,
9/17/2018,1571.134021,21.8,
9/18/2018,1513.402062,22.1,
9/19/2018,1498.969072,22.2,6.78
9/20/2018,1470.103093,22,
9/21/2018,1498.969072,21.7,
9/22/2018,1470.103093,21.7,
9/23/2018,1441.237113,21.3,
9/24/2018,1412.371134,21.2,
9/25/2018,1397.938144,19,
9/26/2018,1397.938144,18.2,
9/27/2018,1340.206186,17.5,
9/28/2018,1311.340206,17.5,
9/29/2018,1325.773196,17.3,
9/30/2018,1455.670103,16.6,
10/1/2018,1628.865979,16.3,
10/2/2018,1542.268041,16.2,
10/3/2018,1484.536082,15.6,
10/4/2018,1470.103093,15.3,
10/5/2018,1498.969072,15.1,
10/6/2018,1542.268041,15.4,
10/7/2018,1542.268041,15.5,
10/8/2018,1498.969072,15.8,
10/9/2018,1542.268041,16,
10/10/2018,1542.268041,16,
10/11/2018,1585.56701,16.1,
10/12/2018,1527.835052,16,
10/13/2018,1513.402062,16.2,
10/14/2018,1556.701031,16,
10/15/2018,1542.268041,15.5,
10/16/2018,1470.103093,15.2,
10/17/2018,1412.371134,15.1,8
10/18/2018,1340.206186,15.3,
10/19/2018,1268.041237,15.6,
10/20/2018,1253.608247,15.5,
10/21/2018,1239.175258,15.4,
10/22/2018,1239.175258,14.8,
10/23/2018,1239.175258,14.5,
10/24/2018,1224.742268,14.2,
10/25/2018,1224.742268,14,
10/26/2018,1210.309278,13.4,
10/27/2018,1268.041237,13.6,
10/28/2018,1340.206186,14,
10/29/2018,1383.505155,14.3,
10/30/2018,1513.402062,14.5,
10/31/2018,1614.43299,14,
11/1/2018,1845.360825,14.3,
11/2/2018,2018.556701,14.2,
11/3/2018,2191.752577,14.2,
11/4/2018,2422.680412,14.5,
11/5/2018,2653.608247,13.5,
11/6/2018,2711.340206,12.8,
11/7/2018,2624.742268,12.5,
11/8/2018,2408.247423,12.2,
11/9/2018,2249.484536,11.8,
11/10/2018,2119.587629,11.6,
11/11/2018,2004.123711,11.4,
11/12/2018,1903.092784,11.4,
11/13/2018,1888.659794,11.3,
11/14/2018,1773.195876,11.3,
11/15/2018,1686.597938,11,
11/16/2018,1672.164948,10.2,
11/17/2018,1672.164948,10,
11/18/2018,1556.701031,9.2,
11/19/2018,1426.804124,8.6,
11/20/2018,1556.701031,8.2,
11/21/2018,1470.103093,8,9.95
11/22/2018,1441.237113,8,
11/23/2018,1498.969072,7.6,
11/24/2018,1628.865979,7.4,
11/25/2018,1686.597938,7.6,
11/26/2018,1701.030928,7.8,
11/27/2018,1614.43299,8.2,
11/28/2018,1571.134021,7.4,
11/29/2018,1657.731959,7.4,
11/30/2018,1816.494845,5.8,
12/1/2018,1903.092784,5.2,
12/2/2018,2061.85567,4.7,
12/3/2018,2162.886598,5.2,
12/4/2018,2076.28866,5.2,
12/5/2018,1946.391753,5.4,
12/6/2018,1859.793814,4.8,
12/7/2018,1773.195876,4.4,
12/8/2018,1744.329897,4.4,
12/9/2018,1729.896907,4.3,
12/10/2018,1830.927835,4.7,
12/11/2018,1888.659794,4.2,
12/12/2018,1946.391753,4.1,
12/13/2018,1989.690722,4.1,
12/14/2018,2090.721649,3.8,
12/15/2018,2206.185567,3.7,
12/16/2018,2263.917526,3.7,
12/17/2018,2263.917526,2.7,
12/18/2018,2090.721649,2,
12/19/2018,1989.690722,1.8,11.8
12/20/2018,1989.690722,2,
12/21/2018,1903.092784,2,
12/22/2018,1816.494845,2,
12/23/2018,1744.329897,3.6,
12/24/2018,1715.463918,4,
12/25/2018,1715.463918,3.8,
12/26/2018,1787.628866,3.5,
12/27/2018,2004.123711,3,
12/28/2018,2509.278351,3.5,
12/29/2018,2985.56701,3.6,
12/30/2018,3303.092784,3.8,
12/31/2018,3404.123711,3.8,
1/1/2019,3317.525773,3.6,
1/2/2019,3144.329897,3.5,
1/3/2019,2884.536082,3.4,
1/4/2019,2624.742268,3,
1/5/2019,2480.412371,2.8,
1/6/2019,2379.381443,2.8,
1/7/2019,2292.783505,2.2,
1/8/2019,2235.051546,1.5,
1/9/2019,2134.020619,1.4,
1/10/2019,1989.690722,1.8,
1/11/2019,1931.958763,1.6,
1/12/2019,2018.556701,1.3,
1/13/2019,2162.886598,1.6,
1/14/2019,2249.484536,2,
1/15/2019,2249.484536,1.8,
1/16/2019,2292.783505,1.9,12.18
1/17/2019,2307.216495,2,
1/18/2019,2379.381443,2.3,
1/19/2019,2552.57732,2.4,
1/20/2019,2841.237113,2.9,
1/21/2019,2898.969072,3,
1/22/2019,2884.536082,3,
1/23/2019,2826.804124,2.9,
1/24/2019,2754.639175,2.7,
1/25/2019,2711.340206,2.5,
1/26/2019,2639.175258,2.5,
1/27/2019,2610.309278,1.6,
1/28/2019,2653.608247,2,
1/29/2019,2451.546392,2.2,
1/30/2019,2350.515464,2.3,
1/31/2019,2350.515464,2.1,
2/1/2019,2437.113402,2.3,
2/2/2019,2595.876289,2.7,
2/3/2019,2783.505155,3.2,
2/4/2019,2942.268041,3.5,
2/5/2019,3274.226804,3.6,
2/6/2019,3663.917526,3.3,
2/7/2019,3967.010309,3,
2/8/2019,4197.938144,3.2,
2/9/2019,4270.103093,3.3,
2/10/2019,4270.103093,3.3,
2/11/2019,4255.670103,3.7,
2/12/2019,4111.340206,3.4,
2/13/2019,3995.876289,3,
2/14/2019,3894.845361,2.8,
2/15/2019,3764.948454,3.2,
2/16/2019,3649.484536,3.6,
2/17/2019,3562.886598,3.7,
2/18/2019,3562.886598,3.8,
2/19/2019,3461.85567,4,
2/20/2019,3303.092784,4.2,12.11
2/21/2019,3129.896907,4.5,
2/22/2019,2956.701031,4.8,
2/23/2019,2870.103093,3.8,
2/24/2019,2898.969072,3.4,
2/25/2019,2971.134021,3.8,
2/26/2019,2956.701031,3.9,
2/27/2019,2985.56701,4,
2/28/2019,3129.896907,4.6,
3/1/2019,3216.494845,5.4,
3/2/2019,3158.762887,5.5,
3/3/2019,3057.731959,5.8,
3/4/2019,2942.268041,5.8,
3/5/2019,2884.536082,6,
3/6/2019,2956.701031,6.8,
3/7/2019,3043.298969,7.2,
3/8/2019,3187.628866,7.7,
3/9/2019,3274.226804,8.2,
3/10/2019,3519.587629,8.3,
3/11/2019,3692.783505,9,
3/12/2019,3692.783505,7.7,
3/13/2019,3707.216495,7.4,
3/14/2019,3793.814433,7,
3/15/2019,3865.979381,7.6,
3/16/2019,3967.010309,7.7,
3/17/2019,4082.474227,7.8,
3/18/2019,4154.639175,8,
3/19/2019,4068.041237,8.4,
3/20/2019,3967.010309,8.5,10.6
3/21/2019,3880.412371,8.3,
3/22/2019,3865.979381,8.3,
3/23/2019,3981.443299,8.5,
3/24/2019,4140.206186,8.9,
3/25/2019,4226.804124,8.6,
3/26/2019,4255.670103,8.6,
3/27/2019,4169.072165,8.5,
3/28/2019,4024.742268,8.6,
3/29/2019,3837.113402,8.7,
3/30/2019,3678.350515,8.8,
3/31/2019,3606.185567,9.4,
4/1/2019,3519.587629,9.6,
4/2/2019,3389.690722,9.4,
4/3/2019,3173.195876,9.4,
4/4/2019,2913.402062,10,
4/5/2019,2841.237113,10.4,
4/6/2019,2841.237113,11,
4/7/2019,2898.969072,11.6,
4/8/2019,2942.268041,12,
4/9/2019,2884.536082,12.2,
4/10/2019,3057.731959,12.2,
4/11/2019,3230.927835,12.8,
4/12/2019,3331.958763,12.5,
4/13/2019,3461.85567,12.6,
4/14/2019,3649.484536,12,
4/15/2019,3894.845361,11.5,
4/16/2019,4096.907216,11.3,
4/17/2019,4183.505155,11.2,
4/18/2019,4082.474227,11.2,
4/19/2019,3851.546392,12,
4/20/2019,3635.051546,12.4,
4/21/2019,3447.42268,12.5,
4/22/2019,3346.391753,13.2,
4/23/2019,3245.360825,13.3,10.83
4/24/2019,2971.134021,12.8,
4/25/2019,2797.938144,13.4,
4/26/2019,2696.907216,15,
4/27/2019,2711.340206,15.8,
4/28/2019,2754.639175,15.2,
4/29/2019,2942.268041,15.5,
4/30/2019,2985.56701,15.2,
5/1/2019,3101.030928,14.8,
5/2/2019,3476.28866,14.7,
5/3/2019,3822.680412,14.8,
5/4/2019,3967.010309,15.2,
5/5/2019,4010.309278,15.5,
5/6/2019,4010.309278,15.2,
5/7/2019,3981.443299,14.2,
5/8/2019,3952.57732,13,
5/9/2019,4068.041237,13.6,
5/10/2019,4183.505155,13.4,
5/11/2019,4342.268041,14.2,
5/12/2019,4558.762887,15,
5/13/2019,4703.092784,15,
5/14/2019,4659.793814,14.5,
5/15/2019,4760.824742,14.2,8.61
5/16/2019,5006.185567,13.4,
5/17/2019,5237.113402,13.2,
5/18/2019,5352.57732,13,
5/19/2019,5410.309278,13.6,
5/20/2019,5410.309278,13.6,
5/21/2019,5367.010309,14,
5/22/2019,5309.278351,14.5,
5/23/2019,5237.113402,15,
5/24/2019,5121.649485,15.2,
5/25/2019,5063.917526,15.6,
5/26/2019,5121.649485,15.8,
5/27/2019,5237.113402,16.8,
5/28/2019,5367.010309,16.4,
5/29/2019,5453.608247,16.7,
5/30/2019,5496.907216,16.2,
5/31/2019,5569.072165,16.5,
6/1/2019,5727.835052,16.5,
6/2/2019,5872.164948,15.7,
6/3/2019,6189.690722,15.9,
6/4/2019,6377.319588,16.4,
6/5/2019,6694.845361,16.7,
6/6/2019,6954.639175,16.7,
6/7/2019,7156.701031,17.4,
6/8/2019,7257.731959,18,
6/9/2019,7243.298969,18.5,
6/10/2019,7171.134021,19.2,
6/11/2019,7055.670103,19.8,
6/12/2019,6896.907216,20.6,
6/13/2019,6723.71134,21.3,
6/14/2019,6507.216495,22,
6/15/2019,6276.28866,22.3,
6/16/2019,5987.628866,22.7,
6/17/2019,5655.670103,23.4,
6/18/2019,5352.57732,23.2,
6/19/2019,5107.216495,22.8,6.5
6/20/2019,4948.453608,22.6,
6/21/2019,4832.989691,23,
6/22/2019,4674.226804,23.6,
6/23/2019,4529.896907,23.2,
6/24/2019,4385.56701,23.2,
6/25/2019,4197.938144,22.8,
6/26/2019,4082.474227,22.8,
6/27/2019,4096.907216,23.2,
6/28/2019,4082.474227,23,
6/29/2019,3995.876289,23.2,
6/30/2019,3894.845361,23.4,
7/1/2019,3764.948454,23.5,
7/2/2019,3548.453608,24.4,
7/3/2019,3303.092784,24.5,
7/4/2019,3129.896907,24.5,
7/5/2019,3000,24.8,
7/6/2019,2855.670103,24.8,
7/7/2019,2725.773196,25,
7/8/2019,2653.608247,25.2,
7/9/2019,2567.010309,24.6,
7/10/2019,2480.412371,24.5,
7/11/2019,2451.546392,23.6,
7/12/2019,2408.247423,23.6,
7/13/2019,2336.082474,23,
7/14/2019,2278.350515,22.6,
7/15/2019,2206.185567,22.4,
7/16/2019,2162.886598,22,
7/17/2019,2119.587629,22.3,8.3
7/18/2019,2105.154639,22.5,
7/19/2019,2105.154639,22.8,
7/20/2019,2061.85567,24,
7/21/2019,2018.556701,24.2,
7/22/2019,1931.958763,24.5,
7/23/2019,1816.494845,24.3,
7/24/2019,1802.061856,24,
7/25/2019,1773.195876,24.2,
7/26/2019,1686.597938,24.8,
7/27/2019,1672.164948,25.3,
7/28/2019,1729.896907,25.6,
7/29/2019,1729.896907,24.6,
7/30/2019,1657.731959,24.5,
7/31/2019,1657.731959,25,
8/1/2019,1657.731959,25.2,
8/2/2019,1758.762887,25.2,
8/3/2019,1960.824742,25.2,
8/4/2019,2206.185567,25,
8/5/2019,2364.948454,25,
8/6/2019,2393.814433,25.2,
8/7/2019,2292.783505,25.2,
8/8/2019,2220.618557,25.6,
8/9/2019,2162.886598,25.8,
8/10/2019,2090.721649,26,
8/11/2019,1975.257732,26.3,
8/12/2019,1903.092784,26.3,
8/13/2019,1874.226804,26.5,
8/14/2019,1787.628866,26.5,
8/15/2019,1744.329897,26.2,
8/16/2019,1701.030928,26.2,
8/17/2019,1686.597938,26,
8/18/2019,1744.329897,26,
8/19/2019,1830.927835,25.7,
8/20/2019,1874.226804,25.7,
8/21/2019,1859.793814,25.8,8.84
8/22/2019,1787.628866,25.8,
8/23/2019,1773.195876,25.7,
8/24/2019,1758.762887,25.7,
8/25/2019,1744.329897,25.4,
8/26/2019,1715.463918,25.3,
8/27/2019,1758.762887,25.2,
8/28/2019,1773.195876,25.2,
8/29/2019,1758.762887,25,
8/30/2019,1758.762887,24.8,
8/31/2019,1802.061856,24.8,
9/1/2019,1859.793814,24.7,
9/2/2019,1830.927835,24.6,
9/3/2019,1672.164948,24.2,
9/4/2019,1556.701031,23.8,
9/5/2019,1600,23.2,
9/6/2019,1571.134021,23.2,
9/7/2019,1600,23,
9/8/2019,1600,22.6,
9/9/2019,1744.329897,22.5,
9/10/2019,1686.597938,22.2,
9/11/2019,1758.762887,21.5,
9/12/2019,1758.762887,21.3,
9/13/2019,1773.195876,21,
9/14/2019,1888.659794,21.2,
9/15/2019,2076.28866,20.8,
9/16/2019,2177.319588,20.6,
9/17/2019,2119.587629,20.8,
9/18/2019,1989.690722,20.5,7.54
9/19/2019,1874.226804,20.2,
9/20/2019,1715.463918,18.6,
9/21/2019,1614.43299,18.4,
9/22/2019,1542.268041,18.2,
9/23/2019,1498.969072,18.4,
9/24/2019,1441.237113,18.3,
9/25/2019,1369.072165,18,
9/26/2019,1354.639175,18,
9/27/2019,1325.773196,17.5,
9/28/2019,1369.072165,17.5,
9/29/2019,1383.505155,17.4,
9/30/2019,1412.371134,18.2,
10/1/2019,1412.371134,18.2,
10/2/2019,1455.670103,18.2,
10/3/2019,1441.237113,18.2,
10/4/2019,1412.371134,17.2,
10/5/2019,1412.371134,16.7,
10/6/2019,1340.206186,16.4,
10/7/2019,1354.639175,16,
10/8/2019,1369.072165,15.4,
10/9/2019,1426.804124,15.2,
10/10/2019,1455.670103,15,
10/11/2019,1527.835052,15,
10/12/2019,1657.731959,15.2,
10/13/2019,1773.195876,15,
10/14/2019,1830.927835,14.9,
10/15/2019,1859.793814,14.8,
10/16/2019,1874.226804,15,8.43
10/17/2019,1830.927835,15,
10/18/2019,1758.762887,15.2,
10/19/2019,1701.030928,15.2,
10/20/2019,1657.731959,15.2,
10/21/2019,1628.865979,15,
10/22/2019,1556.701031,15,
10/23/2019,1498.969072,15,
10/24/2019,1470.103093,15.1,
10/25/2019,1397.938144,15.2,
10/26/2019,1340.206186,15.2,
10/27/2019,1412.371134,14.8,
10/28/2019,1397.938144,14.5,
10/29/2019,1397.938144,14.5,
10/30/2019,1354.639175,14,
10/31/2019,1369.072165,13.4,
11/1/2019,1397.938144,12.8,
11/2/2019,1455.670103,12.3,
11/3/2019,1470.103093,12.2,
11/4/2019,1498.969072,13.2,
11/5/2019,1426.804124,12.8,
11/6/2019,1441.237113,13.2,
11/7/2019,1455.670103,13.2,
11/8/2019,1571.134021,12.5,
11/9/2019,1744.329897,12.3,
11/10/2019,2061.85567,12,
11/11/2019,2408.247423,12,
11/12/2019,2725.773196,11.8,
11/13/2019,2826.804124,11.7,
11/14/2019,2783.505155,11.7,
11/15/2019,2754.639175,11.4,
11/16/2019,2826.804124,11.1,
11/17/2019,2870.103093,10.8,
11/18/2019,3043.298969,10.7,
11/19/2019,3158.762887,10.6,
11/20/2019,3317.525773,10.3,9.8
11/21/2019,3418.556701,10.1,
11/22/2019,3635.051546,10,
11/23/2019,3793.814433,9.3,
11/24/2019,3837.113402,8.3,
11/25/2019,3837.113402,8.4,
11/26/2019,3779.381443,8.3,
11/27/2019,3721.649485,8.1,
11/28/2019,3620.618557,8.1,
11/29/2019,3447.42268,8.2,
11/30/2019,3259.793814,8.1,
12/1/2019,3086.597938,9.3,
12/2/2019,3043.298969,9.1,
12/3/2019,2927.835052,8.9,
12/4/2019,2942.268041,8.6,
12/5/2019,2927.835052,8,
12/6/2019,2898.969072,8,
12/7/2019,2826.804124,7.8,
12/8/2019,2826.804124,7.6,
12/9/2019,2841.237113,7.6,
12/10/2019,2740.206186,7.5,
12/11/2019,2552.57732,7.2,
12/12/2019,2494.845361,6.9,
12/13/2019,2494.845361,6.9,
12/14/2019,2509.278351,7,
12/15/2019,2422.680412,6.7,
12/16/2019,2393.814433,6.8,
12/17/2019,2350.515464,6.8,
12/18/2019,2379.381443,6.8,11.1
12/19/2019,2422.680412,6.8,
12/20/2019,2494.845361,6.9,
12/21/2019,2567.010309,7,
12/22/2019,2595.876289,7.5,
12/23/2019,2624.742268,7.3,
12/24/2019,2653.608247,7.3,
12/25/2019,2855.670103,7.1,
12/26/2019,3173.195876,7,
12/27/2019,3505.154639,6.7,
12/28/2019,3721.649485,6.7,
12/29/2019,3880.412371,7.1,
12/30/2019,4039.175258,7,
12/31/2019,3967.010309,6.5,
1/1/2020,3793.814433,3.8,
1/2/2020,3707.216495,3.6,
1/3/2020,3534.020619,3.5,
1/4/2020,3230.927835,3.2,
1/5/2020,2956.701031,3.2,
1/6/2020,2797.938144,2.7,
1/7/2020,2639.175258,2.2,
1/8/2020,2480.412371,2,
1/9/2020,2336.082474,2.4,
1/10/2020,2249.484536,2.5,
1/11/2020,2162.886598,2.7,
1/12/2020,2119.587629,2.5,
1/13/2020,2105.154639,2.5,
1/14/2020,2032.989691,2.5,
1/15/2020,1975.257732,2.1,
1/16/2020,1931.958763,2,
1/17/2020,1931.958763,2,
1/18/2020,2032.989691,1.8,
1/19/2020,1975.257732,2,
1/20/2020,1874.226804,2.2,
1/21/2020,1787.628866,2.2,
1/22/2020,1758.762887,2.2,12.34
1/23/2020,1744.329897,2.3,
1/24/2020,1729.896907,2.3,
1/25/2020,1701.030928,2.3,
1/26/2020,1715.463918,2.5,
1/27/2020,1701.030928,2.5,
1/28/2020,1643.298969,2.8,
1/29/2020,1643.298969,3.3,
1/30/2020,1643.298969,3.3,
1/31/2020,1686.597938,3.5,
2/1/2020,1758.762887,4,
2/2/2020,1859.793814,4.8,
2/3/2020,1931.958763,4.9,
2/4/2020,1946.391753,5.4,
2/5/2020,1874.226804,5,
2/6/2020,1989.690722,4,
2/7/2020,2379.381443,4.2,
2/8/2020,3000,4.4,
2/9/2020,3432.989691,4.4,
2/10/2020,3793.814433,4.5,
2/11/2020,4010.309278,4.7,
2/12/2020,4068.041237,4.8,
2/13/2020,4024.742268,4.8,
2/14/2020,3923.71134,4.9,
2/15/2020,3736.082474,5.2,
2/16/2020,3678.350515,5.4,
2/17/2020,3620.618557,5.4,
2/18/2020,3461.85567,5.7,
2/19/2020,3331.958763,5.8,11.45
2/20/2020,3216.494845,5.8,
2/21/2020,3043.298969,5.5,
2/22/2020,2870.103093,5.5,
2/23/2020,2783.505155,5.7,
2/24/2020,2711.340206,5.9,
2/25/2020,2682.474227,6,
2/26/2020,2639.175258,6.2,
2/27/2020,2523.71134,6.1,
2/28/2020,2494.845361,6.3,
2/29/2020,2653.608247,6.3,
3/1/2020,2942.268041,6.5,
3/2/2020,3259.793814,6.9,
3/3/2020,3404.123711,7.4,
3/4/2020,3490.721649,7.4,
3/5/2020,3548.453608,5.25578792,
3/6/2020,3707.216495,7.4,
3/7/2020,3995.876289,7,
3/8/2020,4212.371134,6.95578792,
3/9/2020,4457.731959,7.4,
3/10/2020,4573.195876,6.95578792,
3/11/2020,4602.061856,7.15578792,
3/12/2020,4515.463918,7.7,
3/13/2020,4400,7.15578792,
3/14/2020,4226.804124,7.95578792,
3/15/2020,4125.773196,7.95578792,
3/16/2020,4183.505155,8.15578792,
3/17/2020,4068.041237,8.15578792,
3/18/2020,3952.57732,8.25578792,11.4
3/19/2020,3894.845361,8.75578792,
3/20/2020,3808.247423,8.95578792,
3/21/2020,3649.484536,9.25578792,
3/22/2020,3389.690722,9.05578792,
3/23/2020,3187.628866,8.95578792,
3/24/2020,3043.298969,7.95578792,
3/25/2020,3028.865979,7.95578792,
3/26/2020,2956.701031,7.35578792,
3/27/2020,2797.938144,7.05578792,
3/28/2020,2740.206186,7.15578792,
3/29/2020,2639.175258,8.95578792,
3/30/2020,2639.175258,8.95578792,
3/31/2020,2610.309278,9.45578792,
4/1/2020,2624.742268,8.45578792,
4/2/2020,2494.845361,8.55578792,
4/3/2020,2364.948454,8.95578792,
4/4/2020,2278.350515,8.95578792,
4/5/2020,2263.917526,8.95578792,
4/6/2020,2249.484536,9.95578792,
4/7/2020,2191.752577,10.15578792,
4/8/2020,2105.154639,10.45578792,
4/9/2020,2032.989691,10.45578792,
4/10/2020,1960.824742,10.65578792,
4/11/2020,1917.525773,10.65578792,
4/12/2020,1845.360825,11.55578792,
4/13/2020,1874.226804,13.55578792,
4/14/2020,1859.793814,13.95578792,
4/15/2020,1830.927835,13.95578792,10.84
4/16/2020,1816.494845,14.15578792,
4/17/2020,1816.494845,14.15578792,
4/18/2020,1888.659794,14.15578792,
4/19/2020,1888.659794,14.55578792,
4/20/2020,1960.824742,15.15578792,
4/21/2020,2018.556701,15.05578792,
4/22/2020,1903.092784,15.15578792,
4/23/2020,1903.092784,15.45578792,
4/24/2020,1903.092784,15.75578792,
4/25/2020,1931.958763,15.95578792,
4/26/2020,1946.391753,15.95578792,
4/27/2020,1975.257732,15.95578792,
4/28/2020,1989.690722,16.05578792,
4/29/2020,1960.824742,16.35578792,
4/30/2020,1888.659794,16.75578792,
5/1/2020,1888.659794,16.95578792,
5/2/2020,1874.226804,17.15578792,
5/3/2020,1874.226804,17.15578792,
5/4/2020,1917.525773,17.05578792,
5/5/2020,1975.257732,17.25578792,
5/6/2020,1989.690722,17.15578792,
5/7/2020,2076.28866,16.55578792,
5/8/2020,2105.154639,16.75578792,
5/9/2020,2162.886598,16.45578792,
5/10/2020,2249.484536,16.95578792,
5/11/2020,2307.216495,16.95578792,
5/12/2020,2249.484536,17.95578792,
5/13/2020,2191.752577,17.95578792,
5/14/2020,2148.453608,17.95578792,
5/15/2020,2047.42268,17.95578792,
5/16/2020,2004.123711,17.95578792,
5/17/2020,2018.556701,18.05578792,
5/18/2020,2061.85567,17.95578792,
5/19/2020,2090.721649,18.3,
5/20/2020,2148.453608,18.4,9.62
5/21/2020,2292.783505,18,
5/22/2020,2379.381443,17.8,
5/23/2020,2350.515464,17.4,
5/24/2020,2336.082474,17.8,
5/25/2020,2379.381443,17.5,
5/26/2020,2321.649485,17.2,
5/27/2020,2177.319588,17.2,
5/28/2020,2105.154639,17.2,
5/29/2020,2177.319588,17,
5/30/2020,2321.649485,17,
5/31/2020,2451.546392,17.2,
6/1/2020,2523.71134,16.8,
6/2/2020,2437.113402,17,
6/3/2020,2393.814433,17.3,
6/4/2020,2263.917526,17.2,
6/5/2020,2134.020619,17.5,
6/6/2020,2032.989691,18.4,
6/7/2020,2032.989691,18.8,
6/8/2020,2162.886598,19.5,
6/9/2020,2162.886598,19.8,
6/10/2020,2206.185567,19.8,
6/11/2020,2278.350515,19.5,
6/12/2020,2350.515464,19.8,
6/13/2020,2451.546392,20.5,
6/14/2020,2581.443299,20.7,
6/15/2020,2769.072165,21.4,
6/16/2020,2985.56701,21.5,
6/17/2020,3129.896907,21.5,7.78
6/18/2020,3288.659794,21.4,
6/19/2020,3418.556701,21,
6/20/2020,3534.020619,20.9,
6/21/2020,3692.783505,20.7,
6/22/2020,3851.546392,20.3,
6/23/2020,4024.742268,20.2,
6/24/2020,4486.597938,19.6,
6/25/2020,5020.618557,19.5,
6/26/2020,5222.680412,19.3,
6/27/2020,5280.412371,20.4,
6/28/2020,5193.814433,20.6,
6/29/2020,5006.185567,20.6,
6/30/2020,4760.824742,20.7,
7/1/2020,4558.762887,21.2,
7/2/2020,4400,21.6,
7/3/2020,4212.371134,22.1,
7/4/2020,4082.474227,22.8,
7/5/2020,4024.742268,23.5,
7/6/2020,4010.309278,23.3,
7/7/2020,3938.14433,23.4,
7/8/2020,3923.71134,22.6,
7/9/2020,3880.412371,22.8,
7/10/2020,3692.783505,23.2,
7/11/2020,3519.587629,23.3,
7/12/2020,3331.958763,23.4,
7/13/2020,3187.628866,23,
7/14/2020,3043.298969,22.6,
7/15/2020,2884.536082,22.8,6.54
7/16/2020,2769.072165,22.8,
7/17/2020,2668.041237,23,
7/18/2020,2639.175258,22.7,
7/19/2020,2581.443299,21.8,
7/20/2020,2581.443299,22,
7/21/2020,2538.14433,22.2,
7/22/2020,2567.010309,22.4,
7/23/2020,2696.907216,22.8,
7/24/2020,2855.670103,23,
7/25/2020,2956.701031,23.3,
7/26/2020,2971.134021,22.7,
7/27/2020,2956.701031,22.6,
7/28/2020,2898.969072,23,
7/29/2020,2797.938144,23.3,
7/30/2020,2668.041237,24.5,
7/31/2020,2581.443299,24.5,
8/1/2020,2465.979381,25.1,
8/2/2020,2408.247423,24.8,
8/3/2020,2393.814433,25,
8/4/2020,2336.082474,24.8,
8/5/2020,2177.319588,24.6,
8/6/2020,2090.721649,24.2,
8/7/2020,2032.989691,24.2,
8/8/2020,2177.319588,24.2,
8/9/2020,2581.443299,24.5,
8/10/2020,3014.43299,24.6,
8/11/2020,3288.659794,24.4,
8/12/2020,3418.556701,24.5,
8/13/2020,3447.42268,23.5,
8/14/2020,3346.391753,23.2,
8/15/2020,3129.896907,23.3,
8/16/2020,2913.402062,23.2,
8/17/2020,2725.773196,23.2,
8/18/2020,2465.979381,23.4,
8/19/2020,2350.515464,23.2,6.28
8/20/2020,2336.082474,23.4,
8/21/2020,2364.948454,23.8,
8/22/2020,2451.546392,23.7,
8/23/2020,2523.71134,23.6,
8/24/2020,2538.14433,24,
8/25/2020,2509.278351,23.7,
8/26/2020,2437.113402,23.4,
8/27/2020,2321.649485,23.4,
8/28/2020,2249.484536,23.4,
8/29/2020,2220.618557,23.8,
8/30/2020,2148.453608,23.8,
8/31/2020,2004.123711,24,
9/1/2020,1874.226804,24,
9/2/2020,1830.927835,23.2,
9/3/2020,1859.793814,22.6,
9/4/2020,1989.690722,22.4,
9/5/2020,2263.917526,21.6,
9/6/2020,2595.876289,21.8,
9/7/2020,2769.072165,22,
9/8/2020,2769.072165,21.2,
9/9/2020,2754.639175,21.2,
9/10/2020,2653.608247,20.7,
9/11/2020,2567.010309,20.7,
9/12/2020,2581.443299,20.8,
9/13/2020,2581.443299,20.6,
9/14/2020,2523.71134,20.6,
9/15/2020,2465.979381,20.7,
9/16/2020,2336.082474,20.4,7.66
9/17/2020,2220.618557,20.4,
9/18/2020,2076.28866,20.5,
9/19/2020,1975.257732,20,
9/20/2020,1931.958763,19.7,
9/21/2020,1888.659794,19.7,
9/22/2020,1816.494845,19.7,
9/23/2020,1715.463918,19.8,
9/24/2020,1657.731959,19.7,
9/25/2020,1643.298969,20,
9/26/2020,1628.865979,20,
9/27/2020,1600,19.5,
9/28/2020,1758.762887,18.7,
9/29/2020,1657.731959,18.4,
9/30/2020,1672.164948,18,
10/1/2020,1946.391753,17.4,
10/2/2020,2350.515464,17.1,
10/3/2020,2668.041237,17,
10/4/2020,2942.268041,17.2,
10/5/2020,3115.463918,17,
10/6/2020,3072.164948,17,
10/7/2020,2985.56701,16.9,
10/8/2020,2942.268041,16.6,
10/9/2020,2956.701031,15.6,
10/10/2020,3115.463918,15.4,
10/11/2020,3187.628866,15.4,
10/12/2020,3202.061856,15.2,
10/13/2020,3129.896907,14.6,
10/14/2020,3187.628866,13.6,
10/15/2020,3288.659794,13.3,
10/16/2020,3375.257732,13.4,
10/17/2020,3577.319588,13.1,
10/18/2020,3865.979381,12.4,
10/19/2020,4226.804124,12.2,
10/20/2020,4501.030928,11.5,
10/21/2020,4659.793814,11.6,9.51
10/22/2020,4731.958763,11.2,
10/23/2020,4804.123711,11.2,
10/24/2020,4775.257732,11.1,
10/25/2020,4717.525773,11.2,
10/26/2020,4602.061856,11.2,
10/27/2020,4327.835052,11.4,
10/28/2020,4068.041237,11.5,
10/29/2020,3822.680412,11.5,
10/30/2020,3649.484536,11.6,
10/31/2020,3519.587629,11.6,
11/1/2020,3505.154639,11.4,
11/2/2020,3562.886598,11.5,
11/3/2020,3461.85567,11.8,
11/4/2020,3461.85567,12,
11/5/2020,3505.154639,12,
11/6/2020,3519.587629,11.9,
11/7/2020,3519.587629,11.2,
11/8/2020,3490.721649,11.2,
11/9/2020,3432.989691,11,
11/10/2020,3274.226804,10.7,
11/11/2020,3187.628866,10.4,
11/12/2020,3086.597938,10.2,
11/13/2020,2927.835052,10.1,
11/14/2020,2769.072165,10,
11/15/2020,2696.907216,10,
11/16/2020,2682.474227,9.9,
11/17/2020,2538.14433,9.9,
11/18/2020,2393.814433,9.8,10.35
11/19/2020,2350.515464,9.7,
11/20/2020,2263.917526,9,
11/21/2020,2278.350515,8.8,
11/22/2020,2422.680412,8,
11/23/2020,2523.71134,7.8,
11/24/2020,2480.412371,7.7,
11/25/2020,2465.979381,7.6,
11/26/2020,2422.680412,7.5,
11/27/2020,2336.082474,7.4,
11/28/2020,2220.618557,7.2,
11/29/2020,2148.453608,6.6,
11/30/2020,2134.020619,6.4,
12/1/2020,2119.587629,6.1,
12/2/2020,2105.154639,5.8,
12/3/2020,2162.886598,5.3,
12/4/2020,2119.587629,5,
12/5/2020,1989.690722,5,
12/6/2020,1989.690722,5.5,
12/7/2020,2119.587629,5.7,
12/8/2020,2119.587629,5.4,
12/9/2020,2307.216495,5.2,
12/10/2020,2307.216495,5.2,
12/11/2020,2321.649485,5,
12/12/2020,2509.278351,5,
12/13/2020,2711.340206,5,
12/14/2020,2797.938144,4.9,
12/15/2020,2898.969072,5.1,
12/16/2020,3000,5.1,
12/17/2020,2956.701031,4.9,
12/18/2020,2841.237113,4.9,
12/19/2020,2725.773196,5,
12/20/2020,2624.742268,5.1,
12/21/2020,2552.57732,5.1,
12/22/2020,2422.680412,5,
12/23/2020,2292.783505,5,
12/24/2020,2162.886598,5.5,
12/25/2020,2047.42268,5.6,
12/26/2020,2004.123711,5.6,
12/27/2020,2105.154639,5.3,
12/28/2020,2292.783505,5.2,
12/29/2020,2567.010309,5.5,
12/30/2020,2927.835052,5.6,11.42
12/31/2020,3259.793814,5.7,
1/1/2021,3606.185567,5.5,
1/2/2021,4082.474227,5,
1/3/2021,4443.298969,5,
1/4/2021,4529.896907,5.3,
1/5/2021,4529.896907,5.2,
1/6/2021,4616.494845,5.2,
1/7/2021,4630.927835,5.2,
1/8/2021,4587.628866,5.1,
1/9/2021,4529.896907,4.6,
1/10/2021,4501.030928,4.3,
1/11/2021,4457.731959,4.1,
1/12/2021,4400,3.9,
1/13/2021,4356.701031,3.8,
1/14/2021,4327.835052,3.6,
1/15/2021,4241.237113,3.4,
1/16/2021,4068.041237,3.2,
1/17/2021,3851.546392,2.6,
1/18/2021,3663.917526,2.3,
1/19/2021,3461.85567,2.1,
1/20/2021,3360.824742,2.1,12.71
1/21/2021,3230.927835,2.2,
1/22/2021,3072.164948,2.8,
1/23/2021,2956.701031,3,
1/24/2021,2884.536082,3.4,
1/25/2021,2898.969072,3.3,
1/26/2021,3057.731959,3.6,
1/27/2021,3404.123711,3.5,
1/28/2021,3923.71134,3.4,
1/29/2021,4284.536082,3.5,
1/30/2021,4457.731959,3.6,
1/31/2021,4602.061856,4,
2/1/2021,4760.824742,3.9,
2/2/2021,4919.587629,3.9,
2/3/2021,5121.649485,3.6,
2/4/2021,5323.71134,3.7,
2/5/2021,5468.041237,3.8,
2/6/2021,5554.639175,4,
2/7/2021,5626.804124,4.3,
2/8/2021,5670.103093,4.4,
2/9/2021,5655.670103,4.5,
2/10/2021,5698.969072,4.5,
2/11/2021,5857.731959,4.5,
2/12/2021,6002.061856,4,
2/13/2021,6189.690722,3,
2/14/2021,6348.453608,2.8,
2/15/2021,6449.484536,2.8,
2/16/2021,6449.484536,2.7,
2/17/2021,6391.752577,2.8,11.88
2/18/2021,6247.42268,2.8,
2/19/2021,6088.659794,2.8,
2/20/2021,5872.164948,3,
2/21/2021,5612.371134,3,
2/22/2021,5381.443299,3.2,
2/23/2021,5193.814433,3.6,
2/24/2021,5006.185567,3.8,
2/25/2021,4861.85567,4.5,
2/26/2021,4789.690722,4.7,
2/27/2021,4688.659794,4.9,
2/28/2021,4544.329897,5.5,
3/1/2021,4486.597938,5.7,
3/2/2021,4342.268041,6,
3/3/2021,4169.072165,6.2,
3/4/2021,4125.773196,6.2,
3/5/2021,4096.907216,6.5,
3/6/2021,4024.742268,6.6,
3/7/2021,4024.742268,6.4,
3/8/2021,3894.845361,6.2,
3/9/2021,3649.484536,6.3,
3/10/2021,3476.28866,6.7,
3/11/2021,3389.690722,6.3,
3/12/2021,3303.092784,6.6,
3/13/2021,3216.494845,6.6,
3/14/2021,3173.195876,7,
3/15/2021,3101.030928,7.2,
3/16/2021,3043.298969,6.8,
3/17/2021,3158.762887,6.5,11.42
3/18/2021,3360.824742,6.7,
3/19/2021,3519.587629,6.5,
3/20/2021,3562.886598,6.3,
3/21/2021,3591.752577,6.5,
3/22/2021,3663.917526,6.3,
3/23/2021,3620.618557,6.2,
3/24/2021,3577.319588,6,
3/25/2021,3476.28866,6.3,
3/26/2021,3317.525773,6.2,
3/27/2021,3216.494845,6.8,
3/28/2021,3144.329897,7.8,
3/29/2021,3129.896907,7.8,
3/30/2021,3057.731959,8.5,
3/31/2021,3057.731959,8.8,
4/1/2021,3115.463918,9.4,
4/2/2021,3144.329897,10,
4/3/2021,3101.030928,10,
4/4/2021,3101.030928,10.2,
4/5/2021,3115.463918,10.2,
4/6/2021,3274.226804,10,
4/7/2021,3404.123711,10,
4/8/2021,3548.453608,9.8,
4/9/2021,3562.886598,9.2,
4/10/2021,3562.886598,9.8,
4/11/2021,3505.154639,9.9,
4/12/2021,3375.257732,10.6,
4/13/2021,3129.896907,11,
4/14/2021,2913.402062,10.5,
4/15/2021,2870.103093,9.8,
4/16/2021,2841.237113,9.4,
4/17/2021,2812.371134,9.3,
4/18/2021,3158.762887,9.7,
4/19/2021,3432.989691,9.6,
4/20/2021,3505.154639,9.8,
4/21/2021,3548.453608,10.3,11
4/22/2021,3562.886598,10.4,
4/23/2021,3505.154639,11,
4/24/2021,3447.42268,11,
4/25/2021,3389.690722,11.5,
4/26/2021,3375.257732,12.4,
4/27/2021,3259.793814,12.6,
4/28/2021,3259.793814,12.6,
4/29/2021,3216.494845,12.6,
4/30/2021,3072.164948,13.4,
5/1/2021,2913.402062,13.5,
5/2/2021,2870.103093,14.4,
5/3/2021,2927.835052,14.5,
5/4/2021,3000,14.6,
5/5/2021,3173.195876,15,
5/6/2021,3389.690722,15.5,
5/7/2021,3663.917526,15.8,
5/8/2021,3822.680412,15.4,
5/9/2021,3923.71134,15.3,
5/10/2021,4024.742268,15.5,
5/11/2021,3923.71134,15.8,
5/12/2021,3894.845361,16.2,
5/13/2021,3808.247423,16.3,
5/14/2021,3750.515464,16.2,
5/15/2021,3793.814433,16.1,
5/16/2021,3894.845361,16.5,
5/17/2021,4039.175258,16.5,
5/18/2021,4111.340206,16.6,
5/19/2021,4226.804124,16.5,8.73
5/20/2021,4313.402062,16,
5/21/2021,4443.298969,15.5,
5/22/2021,4602.061856,15.8,
5/23/2021,4775.257732,16,
5/24/2021,4919.587629,16,
5/25/2021,5092.783505,16,
5/26/2021,5179.381443,16,
5/27/2021,5208.247423,16.2,
5/28/2021,5222.680412,16.2,
5/29/2021,5280.412371,16.2,
5/30/2021,5294.845361,16,
5/31/2021,5251.546392,15.8,
6/1/2021,5150.515464,15.6,
6/2/2021,5020.618557,15.7,
6/3/2021,4876.28866,16.2,
6/4/2021,4659.793814,16.4,
6/5/2021,4371.134021,16.8,
6/6/2021,4082.474227,17.5,
6/7/2021,3764.948454,18.3,
6/8/2021,3505.154639,18.6,
6/9/2021,3331.958763,19.6,
6/10/2021,3303.092784,20.2,
6/11/2021,3389.690722,20.4,
6/12/2021,3447.42268,20.3,
6/13/2021,3404.123711,20.8,
6/14/2021,3418.556701,21,
6/15/2021,3418.556701,20.6,
6/16/2021,3389.690722,21.2,8.36
6/17/2021,3360.824742,21.4,
6/18/2021,3331.958763,21.8,
6/19/2021,3303.092784,22.2,
6/20/2021,3288.659794,22.4,
6/21/2021,3187.628866,22.6,
6/22/2021,3057.731959,23.2,
6/23/2021,2927.835052,24,
6/24/2021,2826.804124,24.3,
6/25/2021,2783.505155,24.8,
6/26/2021,2682.474227,25.2,
6/27/2021,2682.474227,25.3,
6/28/2021,2740.206186,25.3,
6/29/2021,2769.072165,25.6,
6/30/2021,2783.505155,25.8,
7/1/2021,2754.639175,26,
7/2/2021,2725.773196,25.6,
7/3/2021,2581.443299,25.2,
7/4/2021,2523.71134,25.2,
7/5/2021,2480.412371,24.8,
7/6/2021,2408.247423,25,
7/7/2021,2393.814433,25.2,
7/8/2021,2408.247423,25.3,
7/9/2021,2422.680412,25.4,
7/10/2021,2393.814433,25.4,
7/11/2021,2364.948454,25.4,
7/12/2021,2350.515464,25.6,
7/13/2021,2235.051546,26,
7/14/2021,2278.350515,26.3,
7/15/2021,2278.350515,26.1,
7/16/2021,2336.082474,25.8,
7/17/2021,2538.14433,25.7,
7/18/2021,2639.175258,25.5,
7/19/2021,2696.907216,24.4,
7/20/2021,2668.041237,23.8,5.95
7/21/2021,2668.041237,23.5,
7/22/2021,2826.804124,23.7,
7/23/2021,3101.030928,23.5,
7/24/2021,3331.958763,23.2,
7/25/2021,3591.752577,23,
7/26/2021,3678.350515,23,
7/27/2021,3606.185567,23,
7/28/2021,3461.85567,24.4,
7/29/2021,3259.793814,24.5,
7/30/2021,3014.43299,25,
7/31/2021,2797.938144,25.3,
8/1/2021,2711.340206,25.9,
8/2/2021,2595.876289,25.9,
8/3/2021,2480.412371,25.8,
8/4/2021,2393.814433,25.7,
8/5/2021,2336.082474,26,
8/6/2021,2307.216495,25.6,
8/7/2021,2422.680412,26,
8/8/2021,2595.876289,26,
8/9/2021,2711.340206,27,
8/10/2021,2740.206186,26.2,
8/11/2021,2812.371134,26.5,
8/12/2021,2870.103093,26,
8/13/2021,2913.402062,24.9,
8/14/2021,2927.835052,24,
8/15/2021,2855.670103,24,
8/16/2021,2769.072165,24,
8/17/2021,2610.309278,23.8,
8/18/2021,2422.680412,23.8,
8/19/2021,2263.917526,23.8,
8/20/2021,2134.020619,23.4,
8/21/2021,2148.453608,23.4,
8/22/2021,2292.783505,23.1,
8/23/2021,2437.113402,23,
8/24/2021,2364.948454,23,
8/25/2021,2321.649485,23,7.04
8/26/2021,2206.185567,22.9,
8/27/2021,2119.587629,22.2,
8/28/2021,2076.28866,20.8,
8/29/2021,2162.886598,20.2,
8/30/2021,2249.484536,19.6,
8/31/2021,2292.783505,19.5,
9/1/2021,2350.515464,19.4,
9/2/2021,2408.247423,19.4,
9/3/2021,2451.546392,19.3,
9/4/2021,2567.010309,19.4,
9/5/2021,2740.206186,19.3,
9/6/2021,3000,19,
9/7/2021,3028.865979,18.8,
9/8/2021,3000,18.5,
9/9/2021,2884.536082,18.4,
9/10/2021,2682.474227,18.2,
9/11/2021,2451.546392,18.5,
9/12/2021,2220.618557,18.3,
9/13/2021,2047.42268,18.8,
9/14/2021,1845.360825,19.3,
9/15/2021,1787.628866,19.8,
9/16/2021,1758.762887,20,
9/17/2021,1672.164948,20.2,
9/18/2021,1571.134021,20.2,
9/19/2021,1542.268041,20.2,
9/20/2021,1542.268041,20.2,
9/21/2021,1542.268041,19,
9/22/2021,1571.134021,18.8,7.76
9/23/2021,1643.298969,18.5,
9/24/2021,1715.463918,17.6,
9/25/2021,1758.762887,17.8,
9/26/2021,1802.061856,18,
9/27/2021,1802.061856,18.2,
9/28/2021,1729.896907,18.2,
9/29/2021,1744.329897,18.4,
9/30/2021,1657.731959,18.2,
10/1/2021,1585.56701,17.5,
10/2/2021,1657.731959,17.4,
10/3/2021,1715.463918,17,
10/4/2021,1672.164948,16.7,
10/5/2021,1686.597938,16.8,
10/6/2021,1715.463918,17,
10/7/2021,1701.030928,16.2,
10/8/2021,1542.268041,15.3,
10/9/2021,1470.103093,14.8,
10/10/2021,1600,14.2,
10/11/2021,1585.56701,14,
10/12/2021,1600,13.8,
10/13/2021,1802.061856,13.7,
10/14/2021,1975.257732,13.4,
10/15/2021,2004.123711,12.8,
10/16/2021,2032.989691,12.4,
10/17/2021,2076.28866,12.4,
10/18/2021,2061.85567,12.5,
10/19/2021,1960.824742,12.5,
10/20/2021,1903.092784,12.8,11.52
10/21/2021,1845.360825,13,
10/22/2021,1773.195876,13.3,
10/23/2021,1715.463918,13.3,
10/24/2021,1672.164948,13.1,
10/25/2021,1715.463918,12.2,
10/26/2021,1672.164948,11.8,
10/27/2021,1513.402062,11.4,
10/28/2021,1484.536082,11,
10/29/2021,1556.701031,11,
10/30/2021,1628.865979,11.6,
10/31/2021,1585.56701,11,
11/1/2021,1585.56701,10.8,
11/2/2021,1614.43299,10.7,
11/3/2021,1527.835052,10.9,
11/4/2021,1600,11,
11/5/2021,1556.701031,11.5,
11/6/2021,1585.56701,11.5,
11/7/2021,1874.226804,11,
11/8/2021,2336.082474,11,
11/9/2021,2653.608247,10.5,
11/10/2021,2826.804124,10,
11/11/2021,2913.402062,9.7,
11/12/2021,2783.505155,9.5,
11/13/2021,2538.14433,9.4,
11/14/2021,2437.113402,9.4,
11/15/2021,2249.484536,9.2,
11/16/2021,2119.587629,9,
11/17/2021,2004.123711,8.6,11.53
11/18/2021,1802.061856,8.3,
11/19/2021,1701.030928,8.1,
11/20/2021,1701.030928,8.4,
11/21/2021,1701.030928,8.6,
11/22/2021,1686.597938,8.4,
11/23/2021,1686.597938,8.3,
11/24/2021,1498.969072,8,
11/25/2021,1585.56701,7.8,
11/26/2021,1643.298969,7.7,
11/27/2021,1571.134021,7.5,
11/28/2021,1571.134021,7.5,
11/29/2021,1513.402062,7.7,
11/30/2021,1498.969072,7,
12/1/2021,1686.597938,6.6,
12/2/2021,2004.123711,6.5,
12/3/2021,2393.814433,6.4,
12/4/2021,2523.71134,6.2,
12/5/2021,2754.639175,6,
12/6/2021,3086.597938,5.8,
12/7/2021,3216.494845,5.5,
12/8/2021,3447.42268,5.4,
12/9/2021,3447.42268,5.2,
12/10/2021,3649.484536,5,
12/11/2021,3779.381443,4.8,
12/12/2021,3750.515464,4.5,
12/13/2021,3678.350515,4,
12/14/2021,3649.484536,3.6,
12/15/2021,3577.319588,3.5,
12/16/2021,3447.42268,3.4,
12/17/2021,3303.092784,3.3,
12/18/2021,3144.329897,3.3,
12/19/2021,3115.463918,3.2,
12/20/2021,3057.731959,3.2,
12/21/2021,2855.670103,3.4,
12/22/2021,2711.340206,3.2,
12/23/2021,2581.443299,3,
12/24/2021,2465.979381,3.3,
12/25/2021,2422.680412,3.9,
12/26/2021,2422.680412,4.4,
12/27/2021,2538.14433,4.1,
12/28/2021,2668.041237,3.9,
12/29/2021,2927.835052,3.9,11.25
12/30/2021,3115.463918,4,
12/31/2021,3375.257732,4,
